,reddit_id,context,Question 1,Question 2,Question 3
0,t3_199f5h8,"
The conversation is about tips and advice for people employed at Best Buy. The first tip is to work hard but not too hard, as being likeable is often more important than personal performance for promotions. The second tip is to consider switching stores if management is not favorable. The third tip is that there is no job security in retail and the ability to adapt is crucial. The fourth tip is to not be afraid to apply for positions one does not feel qualified for. The fifth tip is to avoid post-military employees in management roles as they take their jobs too seriously. The sixth tip is to stand up for oneself. The seventh tip is to be nice to installers as they can help with mistakes on orders. The eighth tip is to also be nice to Geek Squad employees. The ninth tip is that HR does not mess around and will take action if there is a valid case. The tenth tip is that corporate does not view retail positions as careers. The eleventh tip is that the current sales model is broken. The twelfth tip is to prioritize mental and physical health. The conversation also mentions the importance of having an open mind and using skills and knowledge learned at Best Buy to advance in one's career.",1,1,0
1,t3_wapsy3,"
The conversation revolves around a potential new hire's concerns about working at Best Buy. The advice given includes being prepared for sales performance tracking, dealing with pressure to sell protection plans, credit cards, and memberships, and handling understaffing. Some users share their negative experiences, mentioning that Best Buy has become too focused on sales metrics and no longer values its employees as it used to. Others highlight some benefits, such as help with school and a good discount. The general consensus seems to be that while there are some advantages, the pressure to meet sales targets can be overwhelming and not everyone's experience is positive. Users advise the potential hire to be prepared for this and to consider their own priorities and values when deciding whether to accept the job.",1,1,1
2,t3_1aucdoj,"
The conversation revolves around a seasonal sales advisor's struggle with Poor Monthly Sales (PMS) and Appointments (apps). The advisor has been performing poorly in terms of PMS over the past two months, with only 6 Product Knowledge (PK) and 1 app in the last month, and 6 PK and 2 apps this month. Despite being on a seasonal schedule, the advisor is eager to improve. 

Several suggestions are made to help the advisor improve their PMS and apps. These include focusing on building customer rapport, understanding customer needs, and offering tailored solutions. The advisor is also advised to leverage their product knowledge, particularly in computers, to increase totals. 

The advisor is also encouraged to team up with the Geek Squad for packages and educating clients about technology and protection. This can help increase apps, as the Geek Squad can provide the necessary technical expertise and support. 

The advisor is further advised to use the credit card offered by the company to increase sales, as it offers financing options at a 31.99% interest rate. However, it is noted that this card may not be suitable for everyone, particularly those who are not responsible with credit. 

Overall, the conversation emphasizes the importance of building customer rapport, leveraging product knowledge, and using available resources to improve sales performance. The advisor is encouraged to keep improving and not feel discouraged by their current performance.",0,0,0
3,t3_yuacvb,"
The conversation is about getting a job at Best Buy. The first speaker is looking for advice and tips for working at Best Buy's sales floor. The second speaker advises not to waste time at Best Buy if there is no advancement within a few years. The third speaker gives specific advice for sales floor jobs, such as showing enthusiasm for technology and being prepared for video interviews with tricky questions. The fourth speaker praises the team environment at Best Buy, while the fifth speaker criticizes the low pay and understaffing. The sixth speaker mentions that their store is different and they start at a higher wage. The seventh speaker advises to go for a DDC warehouse job due to the tightening manager positions and pay cap in store jobs.",1,0,1
4,t3_12scwfu,"
The conversation is about the potential cutting of Specialty Sales Manager (SSM) positions at Best Buy. The participants are discussing whether this has already happened and if it also affects appliances managers. One participant is not currently working at Best Buy but is interested in the company's recent developments.",0,0,0
5,t3_j5vbke," Summary: 

The conversation is about a former employee's experience of retaliation after reporting sexual harassment at a Best Buy store in Orlando. The employee was sexually harassed by their supervisor in late 2019 and reported the incident. However, instead of addressing the issue, the employee's employment took a turn for the worse. The supervisor had high sales, which made it difficult for the company to take action against him. After the supervisor's termination, the employee felt uncomfortable and unsafe at work due to the General Manager's (GM) behavior towards them. The employee shared their concerns about a family member of the former supervisor, who was a seasonal employee and had a history of violent behavior. However, the GM kept him in the store with a promotion as a full-time employee. The GM began ignoring the employee, and they felt targeted and under scrutiny. The employee eventually received a final warning for an out-of-policy transaction, which they believe was a form of retaliation. The employee approached the GM about transferring to another location, but the GM never followed up. The employee called human resources to report their fear of retaliation, but they never reached out again. Six different managers confirmed that the GM had it out for the employee. The employee is now a former Best Buy employee and hopes that their story will help create a positive work environment for victims who have reported sexual harassment.",0,0,0
6,t3_14i1ppn,"
The conversation revolves around an individual's decision to quit their job at Best Buy due to constant stress and mental health concerns. The participants express support for the individual's choice, emphasizing that their mental health is paramount and that the work environment at Best Buy is toxic. They share experiences of similar situations and suggest that the individual look for better opportunities. Some also mention the company's focus on sales goals over employee welfare. A few participants also discuss the possibility of taking a leave of absence instead of quitting, which would provide financial support during the transition.

In summary, the conversation revolves around the theme of mental health and job satisfaction, with participants sharing experiences and advice related to leaving a toxic work environment.",0,1,0
7,t3_ywjf2p,"
In this conversation, an individual who has been working at Best Buy for two weeks expresses their preference to stay at the front end and avoid responsibilities such as sign-ups and Total Tech (TT). Another participant advises that it doesn't matter where the individual works, as they will still be expected to focus on sign-ups and TT, especially in front lanes. They encourage the individual to learn as much as they can and not limit themselves to one area. A third participant believes there is little chance of staying in the front end, as the company prioritizes memberships across all departments. They suggest that the individual consider a warehouse position or look for opportunities elsewhere, as the company is facing challenges and reducing its workforce. The final participant mentions that cashiers at their Best Buy are not prioritized and have low sales of credit cards due to their focus on the sales floor.",1,1,0
8,t3_16f8ctj," """"""
                This conversation revolves around the topic of unions in companies, specifically at BestBuy. The participants discuss the need for unions, especially in companies that are against them. They mention that unions are like condoms, the more someone tries to convince you that you don't need one, the more you absolutely need one. The participants also discuss the concept of 'voluntary recognition' which is becoming more popular among U.S employers. They share their experiences of how their companies react to even the mention of unions, with some companies sending in union busters. The participants also discuss the benefits of unions such as annual cost of living adjustments for wages, a four-day workweek, better protections against layoffs/restructures, better medical insurance options, better training, and better staffing. They also mention the trade-offs of unions, such as job security for long-term employees and the possibility of higher medical, dental, and vision contributions. The participants also discuss the financial implications of strikes and the potential impact on low-level employees. The conversation ends with a debate on who should make sacrifices, the overworked and underpaid staff or the company.",1,1,1
9,t3_134bzme,"
Summary: The conversation revolves around the experiences of a Best Buy worker, discussing various aspects of their job such as the work environment, customer interactions, and the impact of technology on their role. The worker expresses frustration towards certain aspects of the job, including long hours, low pay, and difficult customers. They also mention the importance of teamwork and the satisfaction derived from helping customers find solutions to their problems. The worker highlights the role of technology in their job, mentioning the use of handheld devices to check inventory and assist customers. They also express concern over the future impact of automation on their job security. Overall, the conversation paints a picture of a challenging yet rewarding job, with the worker finding fulfillment in the connections they make with customers and colleagues.

Context: The conversation titled ""Life as a Best Buy worker ðŸ’€"" likely discusses the experiences of an individual working at Best Buy, a popular electronics retailer. The title suggests that the conversation may touch upon the challenges and rewards of working in such an environment, potentially including interactions with customers, the role of technology, and job satisfaction. Given the emoji in the title, there may also be a focus on the more difficult or frustrating aspects of the job.",1,1,1
10,t3_15e1vvl,"
---

The subreddit r/BestBuyWorkers has decided to disallow customer posts to maintain a space for employees to ask questions, discuss work, share memes, and vent. The new rule was implemented based on a community poll that ran 2:1 in favor of disallowing customer posts. Customers can contact Best Buy USA or Best Buy Canada for transaction-related issues or seek help from r/Bestbuy. Violators of the new rule may be banned from the subreddit. The rule currently applies only to posts, not comments, but this may change if it is abused. Customers are allowed to comment as long as they do not violate any other rules or Reddit site rules. The key highlights of the conversation include the introduction of the new rule, its rationale, and the consequences for violating it.",0,0,0
11,t3_qafhhx,"
The conversation revolves around the idea of improving working conditions at Best Buy by working together. The author argues that Best Buy cannot function without its employees, who are currently overworked and underpaid. They suggest that during the holiday season, employees should band together and walk out, causing a significant loss for the company. This, they believe, will force Best Buy to improve working conditions and wages. The conversation also touches on the role of leadership and the potential consequences of such actions. Some participants express their support for the idea, while others question its feasibility and potential impact.",1,0,0
12,t3_12rblul,"
The conversation is about the project team and their travel. The inquirer is considering joining the team and wants to know how much they travel, particularly out of state. A respondent mentions that travel depends on various factors, primarily remodels or covering projects for remodeling teams. Another respondent notes that travel varies greatly from year to year. They also mention that project team can be a good fit for those who are suited for the work, and that some of the longest tenured employees are on the project team. A final comment mentions that someone was let go from the team, but it is unclear if this affects everyone.",0,0,0
13,t3_omfjc4,"
The conversation is about NVIDIA GPU drop on 7/20. The drop will include all six NVIDIA Founders Edition cards, with 20-60 of each card per participating store. The stores are expected to open earlier than usual, similar to the 3080 Ti in-person sale. It is unclear whether AIB (custom) cards will be available. The drop is not confirmed for all stores, and the process for obtaining a GPU is not explicitly stated, but it is advised to arrive early and be prepared to wait in line. A list of participating stores can be found in a Google spreadsheet. It is recommended to limit tickets to one per person, and the official launch details can be found on Best Buy's website.",0,0,0
14,t3_1atycal," |
                A conversation titled ""Scheduling Complaint"" revolves around an individual's dissatisfaction with their work schedule. They are the only full-time employee required to work six days straight, while others get weekends off. This arrangement combines two partial pay weeks into one large pay week, followed by a single day off. The individual feels targeted and believes it's unfair. Despite bringing it up with store leadership, they feel unheard. They contemplate escalating the issue to HR. Others in the conversation suggest that without concrete proof, it may be challenging to effect change. Some empathize with the individual's situation, while others criticize the company's practices. A few share their own experiences of unfavorable scheduling. The individual is determined to address the issue, considering a change in availability or seeking a new job.",0,0,1
15,t3_18tbjcs,"
The conversation revolves around the topic of counterfeit bill detection at Best Buy. Participants express confusion and frustration over the store's policy of not using counterfeit pens or black lights to detect bills, citing reasons such as customer offense and SOP restrictions. Some suggest that these methods should still be used, especially for checking identification cards. Others mention the inaccuracy of counterfeit pens. The real issue, as pointed out by some, is that common counterfeits use bleached small denominations and printed larger ones, which can bypass the pen test. Participants also mention the importance of checking watermarks, reflective ink, and ridges on the jacket of the portrait. The store's policy is attributed to avoiding customer dissatisfaction and the cost of replacing pens and lights. Some also mention the use of starch to defeat pen tests and the difficulty of detecting counterfeit $1 bills.",0,0,0
16,t3_13q5tph,"
The conversation revolves around the topic of a General Motors (GM) call. The participants are discussing whether the call was related to job cuts or changes in working hours. According to some participants, the call was not related to any cuts, and they are waiting for the changes to occur. However, others believe that the call was about a change in working hours, specifically from 10-9 Monday to Saturday and 11-8 on Sunday, starting from the week of June 4th. It is unclear whether these changes are company-wide or limited to certain areas. There is no information in the conversation about any job cuts.",0,0,0
17,t3_17vp23a,"
The user is facing a dilemma about whether to quit their job at Best Buy due to new management and a lack of training for a new role. The user has informed the General Manager (GM) about their availability and job preference, but they were still scheduled for a day they cannot work and a role they are not trained for. The GM has not provided any opportunities for the user to learn the new role, and the user feels that they are being treated unfairly. The user is also annoyed that they have not received their blue shirt, a uniform item. Other users have suggested that the user could either leave the job off their resume or provide a reason for the short employment if asked. They have also criticized the GM's leadership style and lack of technical knowledge.",1,0,1
18,t3_q1fhwu,"
Summary: The user has applied for a job at Best Buy and has a scheduled Zoom interview for Wednesday. They are considering whether to accept the interview or focus on a grocery store job offer instead. The user is looking for short-term employment until New Year or early 2023. A conversation participant suggests that Best Buy is a good place to work, with better pay than minimum wage and a focus on technology. However, selling services and warranties might not be comfortable for everyone. Another participant mentions that grocery stores do not usually provide discounts, but Walmart and Costco offer employee discounts in some countries. The user clarifies that they are referring to regional grocery store chains.",0,0,0
19,t3_12usy5i,"
The conversation revolves around workers sharing their craziest experiences while delivering items to people's houses. One individual encountered a house with numerous glass dolls, resembling those seen in movies. Another observed racist statues resembling blackface caricatures. A third person described a client's home filled with Nazi memorabilia and another with an X-frame and a large Easter Island head along with various BDSM items. Some also mentioned discovering unsettling content on clients' devices, such as bestiality-related searches and pornography. Despite these strange experiences, most workers chose to leave the premises immediately without further engagement.",0,0,0
20,t3_18sha15,"
The conversation revolves around negative experiences with Roadie pickups. Participants share instances of Roadie drivers being rude, not following rules, and expecting store employees to do all the work for them. Some participants have even banned rude Roadie drivers from their stores. There is also a mention of using carrier feedback forms to report negative experiences. A few participants mention positive experiences with some Roadie drivers. Overall, the conversation highlights the challenges and frustrations that store employees face when dealing with Roadie pickups.",0,0,0
21,t3_yw5weg,"
The conversation is about an individual who has been hired at BestBuy and has been assigned e-learnings as part of their job. The individual has a 4-hour shift where they were only able to complete half of the e-learnings and the next shift is not until a week later. The leader suggested doing the e-learnings at home and recording the hours, but the individual is unsure of how to log the hours as there is no log for e-learnings in the TLC. The individual is also unsure if they are expected to do the e-learnings at home or at work. A friend who worked retail at Target mentioned that they were pulled aside during their shifts to complete e-learnings, which is what the individual was expecting. The individual is concerned about clocking in from home and getting in trouble for it. The suggested solution is to do the e-learnings at home and then edit the time sheet manually during the next shift. The individual can add manual punches for ""clock on"" and ""clock off"" and enter the time they started and finished the e-learnings. It is important to note that BestBuy can check how long the individual was doing e-learnings and how many they completed, as well as monitor for any idle time. The individual can also call their manager and ask if they can come in for another short shift to complete the e-learnings.",0,0,0
22,t3_jwlmpz,"
The conversation revolves around a customer's pre-order issue with Best Buy. Corporate is sending the item to a store of the customer's choice to resolve the problem. The customer is frustrated with the waiting time and lack of information from store employees. The customer seeks a time period to wait before getting anxious to visit the store. A Best Buy employee clarifies that store employees usually have no knowledge of specific order exceptions made by corporate. The items just appear and are marked for pick-up within 30 minutes of receiving them in inventory. The customer shares that they received confirmation but without a tracking number, making it a guessing game. The inventory manager for gaming received an email from corporate, but the item won't show up in their inventory. The conversation is intended for Best Buy employees, and the customer seeks their input on the situation.",0,0,0
23,t3_18rkcrr," The conversation revolves around an individual who fell sick with a 102-degree fever and was denied sick leave by their supervisor. They tried to manage the situation with medication but ended up fainting at work. The manager allowed them to leave only after a customer intervened, accusing the company of child labor. The individual is now scheduled for 8-hour shifts until the next Saturday and is contemplating calling in sick every day.

                The conversation includes advice from various perspectives. Some suggest quitting the job due to the manager's insensitivity and the company's policies. Others recommend learning about company policies and understanding employee rights. A common theme is the importance of health over job, with suggestions to document everything if there's any backlash. Some also mention that it's against Best Buy policy to ask for a doctor's note, and it's not supposed to be accepted even if given.

                There are also comments about the inappropriateness of the manager's behavior, suggesting that it could lead to litigation due to injury. Some advise contacting HR, while others caution that HR is never on the employee's side. There are also reminders about the existence of sick banks and attendance policies, and the importance of using them correctly.

                In summary, the conversation revolves around an individual's difficult work situation due to illness and poor management, with advice focusing on health, understanding company policies, and potential actions such as quitting or contacting HR.",0,0,1
24,t3_t1if6w,"
The conversation is about a job interview for an Alienware Computing Sales position. The interview is tomorrow and the person has 2 years of management experience at Walmart and is bilingual. They have never built a computer but are familiar with all the components of a desktop. The starting pay for this position is higher than normal due to it being a VPL (Value-Added Product Line) position, and pay can vary by location. A typical workday involves standing, greeting customers, and trying to sell not just the product but also a credit application and a total tech. The job is described as easy for a good salesperson but hard and unrewarding for others. A comment suggests not to work at Best Buy, but it is unclear if this is the store where the job interview is taking place.",0,0,0
25,t3_16fik5c,"
The conversation revolves around the topic of annual appraisals and increases at work. Some participants mentioned that annual increases are given in March, regardless of the work anniversary date. Others mentioned that annual increases are given based on the work anniversary date. It was also mentioned that the notification for the annual increase goes to the reporting manager first, who then informs the employee. Some participants mentioned that they received a lump sum increase because they were at their salary cap. The process of annual appraisals and increases is now automated through Workday, which sends an alert to each employee and their direct leadership. The increase is typically 3% across the board. Some participants expressed dissatisfaction with the leadership and management at their workplace.",0,0,0
26,t3_z1mzn6,"
The conversation is about a planned walkout at Best Buy (BF) locations on Black Friday (BF). The initiator wants to show the company they're done being treated like crap and make it a better place to work for future and current employees. They encourage spreading the word, talking to coworkers, and sharing the message on Reddit and other platforms. The conversation also involves discussions on the effectiveness of such actions, potential consequences, and the role of unions in protecting workers' rights. Some participants express support for the walkout, while others criticize it, suggesting alternative ways to bring about change, such as legally unionizing. The conversation also touches upon the challenges faced by workers, including long hours, low wages, and inadequate support from management. The initiator shares their personal experience of being banned from Best Buy and GeekSquad subreddits for posting about the walkout. The conversation highlights the importance of workers standing together and advocating for their rights, as well as the challenges and potential consequences of doing so.",1,0,1
27,t3_1b7n0jo,"
The conversation titled 'achievers' revolves around individuals discussing their anticipation and excitement for an event called 'achievers'. Some participants have already received their invitations, while others are still waiting. There is a shared sentiment of eagerness to meet new people and form connections at the event. Participants also express their appreciation for each other's support and well-wishes. There is some confusion regarding the submission deadlines and the distribution of invitations. A few individuals have not received any information about the event from their respective stores or districts. Despite this, there is a general sense of optimism and hope that everyone who qualifies will eventually receive their invitations. Some participants have also expressed interest in connecting with each other at the event, if they end up attending.",0,0,0
28,t3_16b5ojs," Summary: The conversation revolves around the process of obtaining accommodations in the present day, in contrast to how it was done in the past. The speaker mentions searching for accommodations on ""learning lounge"" and securing ""hella deals"" through learnings. However, the current process appears to involve searching for accommodations on the Learning Network, with some accommodations being limited to specific job codes and certifications.",0,0,0
29,t3_184op4l,"
In this conversation, participants discuss new blue polos with yellow collars that have recently appeared at their workplace. Some individuals have received the new shirts, while others have not. The new shirts are intended for seasonal staff, although there seems to be some confusion regarding their distribution. Participants also compare the fit and comfort of the new shirts to the existing blue ones. A link to an eBay listing for the shirts is shared.",0,0,0
30,t3_yy085z,"
The conversation revolves around the topic of working on Black Friday. The participants discuss their working hours, which range from 8 to 12 hours, and mention that it is normal pay, without any overtime or holiday benefits. Some participants express frustration with the long hours, while others appreciate the extra staffing to ensure they can take breaks during their shift. One participant shares their positive experience of switching from a store job to a Distribution and Fulfillment Center (DDC), where they earn more for less work and have more computer-based tasks. Overall, the conversation highlights the challenges and potential benefits of working on Black Friday.",0,0,0
31,t3_1580byk," The conversation revolves around the incentives for managers to push memberships at Best Buy. Some participants argue that managers receive significant bonuses based on membership sales, while others claim that this is a myth and that managers are simply doing their job. The conversation also touches on the profitability of memberships, the impact of memberships on revenue and operating income, and the role of shared success in manager bonuses. Additionally, some participants express frustration with the current state of Best Buy and the lack of sales skills being taught to employees. The conversation also references the removal of Total Tech and the reasons behind it. Overall, the conversation highlights the complexities of manager bonuses and the role of memberships in Best Buy's business strategy.",0,0,0
32,t3_qhb9v1,"
In this conversation, the participants discuss the decreasing appeal of working at Best Buy (BBY) compared to other retailers. They mention factors such as low wages, weak employee discounts, and lack of accommodations. One participant points out that some Apple products no longer have a discount, while another participant asserts that Best Buy still applies a percentage above cost for discounted products. The participants also question whether Best Buy sells Apple products at no profit.",1,1,0
33,t3_1499vuh,"
The conversation is about the idea of unionizing at Best Buy after a person got fired from their job as a PC DA. Some participants express frustration with the company and its policies, while others are skeptical about the effectiveness of unions. One participant shares their personal experience of being promoted to PC DA, experiencing a decrease in work hours, and eventually being fired after using company time poorly due to financial and emotional burnout. Another participant mentions a former attempt to unionize and the company's efforts to prevent it. The conversation also references an anti-union presentation and the challenges of transitioning from a 40-50 hour work week to fewer hours. Some participants suggest finding better-paying jobs or improving skills, while others express skepticism about the feasibility of unionizing. The conversation ends with a link to an article about an Amazon warehouse that voted to unionize last year but is facing challenges.",1,0,0
34,t3_wtr1q0,"
The conversation revolves around a prankster who recorded himself in a retail store without permission and refused to leave when asked. The employees called the cops, and the prankster was accused of wasting their time and trespassing. The prankster is known for his TikTok pranks and has a large following, but many believe his actions are disrespectful and a waste of time for retail workers. The conversation also highlights the importance of asking for permission before recording in private properties, even if they are open to the public. Some argue that the prankster's actions were not illegal, but they were disrespectful and took up the employees' time. Overall, the conversation emphasizes the need to respect retail workers and their time, and to ask for permission before recording in private properties.",0,0,0
35,t3_18rkcrr," The conversation revolves around an individual who fell sick with a 102-degree fever and was denied sick leave by their supervisor. They tried to manage the situation with medication but ended up fainting at work. The manager allowed them to leave only after a customer intervened, accusing the company of child labor. The individual is now scheduled for 8-hour shifts until the next Saturday and is contemplating calling in sick every day.

                The conversation includes advice from various perspectives. Some suggest quitting the job due to the manager's insensitivity and the company's policies. Others recommend learning about company policies and understanding employee rights. A common theme is the importance of health over job, with suggestions to document everything if there's any backlash. Some also mention that it's against Best Buy policy to ask for a doctor's note, and it's not supposed to be accepted even if given.

                There are also comments about the inappropriateness of the manager's behavior, suggesting that it could lead to litigation due to injury. Some advise contacting HR, while others caution that HR is never on the employee's side. There are also reminders about the existence of sick banks and attendance policies, and the importance of using them correctly.

                In summary, the conversation revolves around an individual's difficult work situation due to illness and poor management, with advice focusing on health, understanding company policies, and potential actions such as quitting or contacting HR.",0,0,1
36,t3_qpi3rj,"
---

The person is anxious about an upcoming video interview for a job at Best Buy, as they have applied for all open positions at the location. They seek advice on what questions might be asked and how to answer them effectively to secure a real interview. They also consider visiting the store in person to introduce themselves to the manager after the video interview.

In response, the conversation participants share their experiences and insights about working at Best Buy. They mention that the company has undergone a significant restructuring, which has led to favoritism, sexual harassment, and demoralization among employees. Many skilled workers have left the company due to pay cuts, increased workload, and a focus on subscription-based services. The participants also mention that the store is now more of a warehouse, and employees feel less important as they are encouraged to hand customers off to sales consultants.

One participant shares their personal experience of being a top networking designer but being offered a pay cut and more work. They also mention that the store's new GM, who is known to the participant, has promoted a gay cuck over them, despite the participant making the company more money. The participant feels that Best Buy is a 'who you know' company that pushes out skilled workers in favor of those who sell more entry-level products.

In summary, the conversation revolves around the person's anxiety about their upcoming video interview and the participants' shared experiences and criticisms of working at Best Buy. They mention the company's restructuring, favoritism, sexual harassment, and the feeling of being less important due to the store's shift towards a warehouse model. The participants also provide some general advice on being honest and introducing oneself in person to the manager.",0,0,0
37,t3_1aj1kcj,"
The conversation revolves around the issue of employees lying to customers about Total Tech, a membership program offered by Best Buy. Participants share their observations and experiences of top performers adding perks to Total Tech that aren't true, sneaking it into large transactions, and even lying about the benefits. Some participants express their disappointment with the pressure from management to meet sales goals, which they believe leads to unethical practices. Others argue that it is possible to sell Total Tech without resorting to dishonesty. The conversation also touches on the topic of the company's culture and values, with some participants feeling that Best Buy is prioritizing sales over customer satisfaction and employee integrity.",1,0,0
38,t3_11dxaol,"
The conversation is about a person who is new to this sub and considering applying for a Retail Sales Assistant position at Best Buy. They are currently working at Olive Garden and making $2.13/hr + tips, which isn't enough for them anymore. They are looking for a pay increase and are wondering if they should apply for the job at Best Buy or look elsewhere. They are also seeking advice on what to look out for during the interview process and if there are any red flags with the company's policies or terms. Additionally, they are located in the Southern GA area around Augusta and would like to know about the work environment at the stores in that area.

One person shares their positive experience working at Canadian Best Buy, but mentions that they have seen a lot of talk online about overwork due to understaffing caused by U.S. leadership decisions. They advise the person to check out the work environment before applying and to be aware of the pressure to sell Totaltech subscriptions and credit card applications.

Another person shares their negative experience working at Best Buy for 8 years and mentions that they are leaving the company soon due to their unhappiness with the direction the company is going. They mention that the company has taken a huge pay cut and that they are getting overworked. They advise the person to be aware of the pressure to sell Totaltech subscriptions and credit card applications.

Overall, the conversation provides advice and insights on the job application process, work environment, and company policies at Best Buy. It highlights the importance of checking out the work environment before applying and being aware of the pressure to sell Totaltech subscriptions and credit card applications. It also suggests that the person should be prepared to have at least a little knowledge about everything the company sells.",1,0,1
39,t3_18ttsxk,"
The conversation is about an individual sharing their experience of being terminated from Best Buy due to attendance violations. They express their gratitude towards their colleagues in product flow and criticize the corporation, particularly the executive Cori Berri, for driving the company into the ground. They also criticize a manager for belittling employees over the walkie and interrupting sales floor conversations with customers. The individual advocates for bringing back specialization and ending the practice of pushing memberships and credit cards on customers. They predict that Best Buy will not make it to 2030 due to poor management and customer dissatisfaction. Other participants in the conversation express their agreement with the individual's assessment of the company and executive, while some defend Best Buy's profits and argue that the individual's termination was due to their own actions.",1,0,0
40,t3_199f5h8,"
The conversation is about tips and advice for people employed at Best Buy. The first tip is to work hard but not too hard, as being likeable is often more important than personal performance for promotions. The second tip is to consider switching stores if management is not favorable. The third tip is that there is no job security in retail and the ability to adapt is crucial. The fourth tip is to not be afraid to apply for positions one does not feel qualified for. The fifth tip is to avoid post-military employees in management roles as they take their jobs too seriously. The sixth tip is to stand up for oneself. The seventh tip is to be nice to installers as they can help with mistakes on orders. The eighth tip is to also be nice to Geek Squad employees. The ninth tip is that HR does not mess around and will take action if there is a valid case. The tenth tip is that corporate does not view retail positions as careers. The eleventh tip is that the current sales model is broken. The twelfth tip is to prioritize mental and physical health. The conversation also mentions the importance of having an open mind and using skills and knowledge learned at Best Buy to advance in one's career.",1,1,0
41,t3_1ap3bt3,"
The conversation is about whether internal applicants need to complete the video interview portion for a position at Geek Squad. The first speaker, who is currently in the warehouse, applied for a Geek Squad position and received an email stating they weren't considered due to not completing the video interview. They were under the impression that video interviews were only for external applicants. The second speaker, who has experience transitioning within the company from CA to ARA to senior, did not have to complete a video interview but did have to do an in-person interview. The third speaker notes that it depends on the position and the hiring team's preferences.",0,0,0
42,t3_17138re,"
The conversation is about a walkout/callout planned for October 28th, under the hashtag #TogetherBBY. The aim is to demand fair treatment and adherence to the code of ethics during the holiday season. A survey link is provided for those who plan to join. There is also a Signal group for participants. Some participants have expressed their support, while others are skeptical about its success. Some suggest organizing it for Black Friday to attract more attention and impact. There are also concerns about potential terminations and the lack of union protection. A few participants have shared their experiences of being underpaid and overworked. Some have also suggested having a backup plan in case of job loss.

The title 'Lets Walkout #TogetherBBY' suggests a collective action to protest against unfair treatment in the workplace, particularly during the holiday season. The conversation revolves around the planning and expectations of this walkout/callout.",1,1,1
43,t3_19843n7,"
The conversation revolves around the challenges faced by employees while providing curbside services during harsh weather conditions. Participants express their frustration towards customers who they perceive as lazy, and discuss the potential of using curbside as a membership opportunity. The conversation also touches upon the impact of curbside on in-store sales and employee training. Some participants argue that curbside helps maintain business and caters to certain demographics, while others believe it negatively affects the in-store experience and job opportunities.

In summary, the conversation revolves around the perceived pros and cons of curbside services during harsh weather conditions, and its impact on in-store sales, employee training, and customer behavior.",0,0,0
44,t3_15427rb,"
The conversation revolves around the new customer interaction policy introduced by the manager, which requires employees to ask for every customer's phone number upfront and input it into Solution Sidekick on their phones. The participants express concerns about customer privacy and comfort, suggesting that customers might find it intrusive and creepy, potentially impacting their decision to visit the store. They propose a more humane approach, starting the conversation with a friendly greeting and then asking for the phone number if necessary.",0,0,0
45,t3_z7kfmo,"
In this conversation, the individual shares their experience of purchasing a Ted Lasso game from Best Buy to initiate a conversation with the cashier and give their number. They express concern about returning the game and whether others will know about their intentions. The group reassures them, stating that it is a store and they see many people daily, and suggests being upfront next time. One person suggests returning it to a different store, while another person warns that everyone at every Best Buy will know what they did. The individual clarifies that the cashier did not ask for their number, but they gave it on a card. The group discusses the likelihood of returning the game and the individual's forwardness, with one person calling them the main character. The group ultimately reassures the individual that they should be fine to return the game as long as it is unopened.",0,0,0
46,t3_178w5qv,"
In this conversation, an 18-year-old college student is interested in working at Best Buy for their first job. They have already applied and completed a video interview, with another one scheduled for product flow. The conversation then shifts to discussing the potential experience at Best Buy, with some individuals sharing their negative experiences and advising against working there. They suggest alternative options such as Apple, UBreakIFix, local computer repair shops, network stores, or colleges for entry IT jobs. The key takeaway is that while the individual is keen on working in technology, Best Buy may not be the best place to start due to potential negative impacts on one's psyche and career progression.",1,0,0
47,t3_15qii74,"
The conversation revolves around the best TV brand. Most participants prefer Sony or LG, citing high quality and consumer trust. Samsung is also mentioned but with mixed opinions regarding their OS support. TCL is suggested for budget options and Roku for smart TVs. A few participants advocate for LG, sharing negative experiences with Sony's repair process. Some argue that the brand doesn't matter as much as the price and features within one's budget. A couple of participants mention using Vizio and being satisfied with its value for money. A participant also highlights that every Sony OLED uses LG's OLED panels, and the choice depends on the preferred smart platform and sound processing technology.

In summary, while Sony, LG, and Samsung are the most frequently mentioned brands, participants' preferences vary based on factors like quality, consumer trust, budget, and specific features. Some participants caution against Sony due to repair issues, while others appreciate its image and sound processing. A few participants suggest Vizio for its value for money, and some mention TCL and Roku for budget and smart TV options. The conversation also highlights that every Sony OLED uses LG's OLED panels, and the choice depends on the preferred smart platform and sound processing technology.",0,0,0
48,t3_13poqek,"
The conversation is about an employee seeking a discount on a high-end graphics card for their PC build. The employee has never used the employee discount before and is looking to buy a 7900 XTX. They are unsure about how to apply the discount to an online purchase. Another person mentions that they didn't use their discount on a graphics card but suggests checking the learning network for better discounts. The employee is informed that there is no discount available for the specific graphics card they are looking for, but they are advised to consider ordering a prefab gaming PC with the card included or buying one of the prefab gaming PCs we carry that have that card included. The employee is also advised to try a price match on the card and to check nearby tech chains. The employee shares a picture of the exact processor and card they were getting and mentions that their custom build would be around 2600. They express interest in getting a decent discount on the prefab PC.",0,0,0
49,t3_1b114ek,"
The conversation is between an employee and a manager at Best Buy. The employee asks about potential layoffs and changes in the number of supervisors and employees in different locations. The manager confirms there are test markets with only a general manager and shift leads, and there may be a decrease in the number of supervisors, particularly in hub locations. The employee also asks about C and D positions, and the manager suggests it's a good position if there are a lot of leads, but it could be risky in slower markets. The employee expresses frustration with team meetings and the lack of understanding from upper management about the reality of running stores. The manager agrees, stating that upper management gives a lot of tasks assuming there is enough manpower and hours to complete them. The employee also brings up the issue of physical stores not receiving phone calls anymore and the use of offshore call center employees, which the manager thinks is a good idea as long as they are well-trained and knowledgeable about Best Buy's policies. The manager also mentions that pay over cap is not happening anymore. The employee expresses empathy for in-store agents and suggests they should be given a pay grade bump with more responsibility. The conversation also touches on the Bose and Sony XM5 earbuds accommodations that the employee missed out on.",1,0,1
50,t3_1b114ek,"
The conversation is between an employee and a manager at Best Buy. The employee asks about potential layoffs and changes in the number of supervisors and employees in different locations. The manager confirms there are test markets with only a general manager and shift leads, and there may be a decrease in the number of supervisors, particularly in hub locations. The employee also asks about C and D positions, and the manager suggests it's a good position if there are a lot of leads, but it could be risky in slower markets. The employee expresses frustration with team meetings and the lack of understanding from upper management about the reality of running stores. The manager agrees, stating that upper management gives a lot of tasks assuming there is enough manpower and hours to complete them. The employee also brings up the issue of physical stores not receiving phone calls anymore and the use of offshore call center employees, which the manager thinks is a good idea as long as they are well-trained and knowledgeable about Best Buy's policies. The manager also mentions that pay over cap is not happening anymore. The employee expresses empathy for in-store agents and suggests they should be given a pay grade bump with more responsibility. The conversation also touches on the Bose and Sony XM5 earbuds accommodations that the employee missed out on.",1,0,1
51,t3_132bzni,"
In this conversation, the participants discuss the restructuring of micro market supervisors into Experience supervisors, with a pay grade of 12. Each store will receive a different number of headcount for Experience supervisors, with the hub store receiving the most at 3. Supervisors were evaluated based on quarterly conversations, and SSMs are being dissolved into Experience supervisors if there is room for them. If not, they need to find a new role in the company, and if they are unwilling to, they will be let go without severance. GSMs will still exist, but their role may change. Severance is offered under certain circumstances, but it is unclear what those circumstances are. If a retail supervisor is cut and there is no job code 10 role available in the micro market, they will receive severance. The length of severance is two weeks times the number of years of employment. The deleted comments suggest that GSMs are still separate from Experience supervisors and that some markets have a pilot for the Micro Market Services Manager. The participants also ask about the status of C&D leadership.",0,0,0
52,t3_14d6fhg,"
The conversation revolves around people's sentiments towards their company, Best Buy. Some individuals have lost faith in the company due to layoffs and leadership changes. They are 'riding it out' to see how it ultimately ends. Others are building tenure or waiting for better opportunities. The company's recent meetings about changes, including the Total Tech program and leadership changes, were met with skepticism. Some were even banned from the unofficial Best Buy subreddit. The general consensus is that the company is on a downward trajectory.",1,0,0
53,t3_146p5ca,"
Summary: The individual is facing difficulty in getting hired as a transfer in local Best Buy stores in their new city. They have applied to multiple stores, but only received one interview which did not lead to further progress. They have about three weeks before moving and need to plan their two-week notice accordingly. The conversation suggests that communication between the individual's current and potential managers plays a crucial role in transfer hiring. It is recommended to speak with the direct manager or GM to understand if they have communicated with the new locations and to request them to reach out if they haven't. Additionally, the individual could send an email to the leaders explaining their situation, experience, and why they would be a good fit for the team. The conversation also mentions that transfers might no longer be a thing due to the company avoiding paying above local area pay scales and the ongoing reorganization in management staff. The individual's performance and the communication from their department supervisor and ASM also impact the transfer process.",0,0,0
54,t3_179amsj,"
The conversation is about an individual who has walked out of their job at Best Buy for the second day in a row due to dissatisfaction with the management. The individual feels that their contribution is not being valued and has been told to leave if they don't want to be there. The individual did not clock out and was told to show up for their next scheduled shift. The conversation also touches upon the stress that the individual's actions may cause to their coworkers. The individual clarifies that they left because their schedule was changed without their knowledge, and they had made plans to spend the day with their daughter. The conversation also includes some side comments about the individual's behavior and tone.",0,1,0
55,t3_jf2d05," Summary: The conversation revolves around the uncertainty of the availability of Xbox and PS5 on their release day. The participants express that the number of consoles available will vary by store and may not meet pre-orders due to supply chain issues. One participant expresses disappointment at the possibility of not getting a console immediately, but others reassure that it's okay to wait, as the demand will eventually decrease.",0,0,0
56,t3_jx0q4y,"
In this conversation, a new employee at Best Buy expresses concern about the post-eLearning process and their level of preparedness. Another employee reassures them that eLearnings serve as a foundation, and the real learning happens through training and shadowing. They mention that not everyone is expected to remember everything from the eLearnings, and it's normal to continue learning on the job. A third employee shares their experience of quickly moving from eLearnings to shadowing and learning mostly from the floor. The new employee is grateful for the advice and plans to focus on absorbing as much as they can from the eLearnings. The consensus is that while eLearnings provide basic knowledge, hands-on experience and additional learning are crucial for mastery.",0,0,0
57,t3_15qii74,"
The conversation revolves around the best TV brand. Most participants prefer Sony or LG, citing high quality and consumer trust. Samsung is also mentioned but with mixed opinions regarding their OS support. TCL is suggested for budget options and Roku for smart TVs. A few participants advocate for LG, sharing negative experiences with Sony's repair process. Some argue that the brand doesn't matter as much as the price and features within one's budget. A couple of participants mention using Vizio and being satisfied with its value for money. A participant also highlights that every Sony OLED uses LG's OLED panels, and the choice depends on the preferred smart platform and sound processing technology.

In summary, while Sony, LG, and Samsung are the most frequently mentioned brands, participants' preferences vary based on factors like quality, consumer trust, budget, and specific features. Some participants caution against Sony due to repair issues, while others appreciate its image and sound processing. A few participants suggest Vizio for its value for money, and some mention TCL and Roku for budget and smart TV options. The conversation also highlights that every Sony OLED uses LG's OLED panels, and the choice depends on the preferred smart platform and sound processing technology.",0,0,0
58,t3_19bjliq,"
The conversation revolves around a store not adhering to COVID-19 protocols during a nationwide virus outbreak. The original poster mocks the situation, drawing criticism from another user. The discussion then shifts to the store management's decision to remove mask signage and the impact of COVID-19 on public health. Some users argue that the virus was overhyped and blame individuals for their poor health habits. Others criticize these views, emphasizing the importance of following safety guidelines and taking personal responsibility for one's health. The conversation ends with a comment about people trusting the government and media being 'sheep'.",0,0,0
59,t3_klk0z1,"
The conversation revolves around the duration of an application review process. The initial query is about the usual time to receive a response for an application submitted on Dec 15, which is still under review. The participants suggest that while it generally doesn't take long to hear back about an interview, the holiday season might have caused delays due to reduced hours and potential job cuts. They advise waiting until the new year to hear back and recommend reaching out to a manager for more information. The general consensus is that two months is a typical duration for filling a position and receiving a response. However, due to the recent job cuts, the chances of being hired seem slim.",0,0,0
60,t3_v5thte,"
The conversation revolves around the desire for improved working conditions and compensation at work. The most pressing concerns include inadequate pay, insufficient staffing levels, and inconsistent work hours. Many employees feel undervalued and overworked, particularly in light of recent economic changes and the ongoing pandemic. Some employees have expressed the need for periodic cost of living adjustments, as well as more consistent scheduling and better communication between stores. Additionally, there are concerns about the company's apps crashing frequently and the limited availability of sick time. Overall, employees are seeking better work-life balance, fair compensation, and improved support from management.",1,1,1
61,t3_sygsv3,"
---

The conversation revolves around the challenging work conditions at Best Buy, particularly in the mobile department. The employees are expressing their frustration about being understaffed, long customer wait times, and not being able to take mandated rest breaks due to workload. This issue is further exacerbated by the company's policy of not scheduling enough people for specialized departments like mobile, which leads to employees skipping breaks and not being properly compensated. The employees also mention the company's record profits but lack of investment in employee welfare, leading to decreased morale and mental health. The conversation ends with employees suggesting that Best Buy either hire more people or implement break tracking to ensure employees are compensated for missed breaks. The title, 'Rant Time!', reflects the employees' dissatisfaction and frustration with their current work conditions.",0,1,1
62,t3_16ha775,"
The conversation revolves around the difficulties and frustrations faced by employees at Best Buy. The main speaker has been working there for almost a year and is unhappy with their current salary of $16 an hour. They express their desire to move up in the company to make a living but are disheartened by the elimination of higher positions. The speaker is saving up for a house but feels that it will take years to accumulate a 20% down payment at their current rate of savings. They are ashamed of their job and feel embarrassed and depressed. Other speakers share their experiences and advise the main speaker to look for opportunities elsewhere due to the lack of stability and low pay in higher positions. Some suggest switching to other retail stores like Lowe's or Target, which offer better pay and opportunities. Overall, the conversation highlights the struggles and dissatisfaction of employees at Best Buy and their search for better opportunities.",1,1,1
63,t3_16b9xbu,"
The conversation revolves around the theme of job dissatisfaction, particularly in retail stores. The speaker expresses their dislike for their job, citing discrimination against minorities and women, lack of opportunities for growth, and pressure to perform. Other participants share their own experiences, some echoing the speaker's complaints and others sharing more positive experiences. The conversation also touches on issues with customer service and the lack of training for associates. Overall, the conversation highlights the challenges and frustrations often faced by retail workers.",0,1,0
64,t3_136z3ru," The conversation titled 'Am cuts' revolves around the upcoming layoffs at Best Buy, specifically for Assistant Managers (AMs). There are concerns about the similarity of these layoffs with those of General Managers (GMs). Some employees have noticed that one of the micro-managers has three positions, which is unusual. There is a discussion about the classification of leaders in the building, with two categories: Experience Manager and Supervisor. It is mentioned that if an employee does not get a spot in either of these categories, they will receive severance. There are also Shift Leads who have keys and open/close the store. There is a question about the overall headcount for leadership dropping. It is confirmed that AMs are getting let go. There are concerns about deleted comments and messages, with speculation about who is deleting them and why. Some employees are using anonymous accounts to share information. There is a discussion about the number of staff being cut, with some stores planning to reduce their staff by half. The employee who posted the conversation mentions that they have only one account for this kind of information, as they have seen too many people get fired for sharing such information.",0,0,1
65,t3_zzj0lf," Summary: The individual is seeking information about obtaining a job at Best Buy, specifically interested in the starting pay, employee benefits, and working in the tech department or as a cashier. A response indicates that seasonal employees receive health care and scholarships. Another response reveals that a truck position pays $15 an hour, but the individual expresses concerns about being overworked, underpaid, and receiving low hours, but acknowledges good management if lucky. The individual's location is around 30 minutes from Indianapolis.",0,0,0
66,t3_r4f01w,"
The conversation revolves around the experiences of Small Parcel (SP) drivers with their work hours and job satisfaction. The first speaker has been a SP driver for a year, working part-time for the first four months and full-time for the next eight months, but still struggles to get 40 hours of work per week. They are frustrated with the lack of consistent workload and the company's promises of increased hours that never materialize. The second speaker has been a SP driver since March and has seen their hours increase to around 37-38 per week, but they believe they could easily work 45-50 hours if they didn't have a second job. The third speaker mentions that their store has been unable to hire seasonal workers, resulting in low daily caps and a heavy workload for the full-time driver. The fourth speaker suggests asking the manager to reduce the part-time worker's hours to two days a week, but the first speaker mentions that the manager has been unresponsive to their concerns. Overall, the conversation highlights the challenges SP drivers face in terms of job security, workload consistency, and communication with management.",0,0,1
67,t3_1axres4,"
The conversation revolves around the frustration of an individual who feels they are being asked to perform tasks outside of their job description, specifically selling products and pushing memberships in their micro market. They express their desire to focus on their job and go home, and criticize the lack of support from sales advisors in helping with tasks such as shuttle twice a week. The conversation also touches on the upcoming change of vendors bringing in their own staff to sell directly in pilot markets, and the expectation of this by some participants. There is also mention of the increased workload and expectations placed on everyone in the store, including product flow, front lanes, and even those in leadership roles. Some participants express their disagreement with these practices and suggest hiring more sales advisors and showing data to management to prove a point.",0,0,1
68,t3_18rrnnn,"
The conversation revolves around the frustrations of working in a sales environment with inefficient managers and a high workload. Participants express their dissatisfaction with the number of managers who do not contribute much, yet expect quick responses from the sales team. They also mention the lack of support from management in handling tasks and the recent reduction in seasonal staff. Despite these challenges, some participants appreciate their managers for being present on the floor. The conversation also touches upon the topic of uniforms and the GM's approach to handling customer requests.",0,1,1
69,t3_qo85m9,"
The conversation revolves around the participants' dislikes after certain changes. One participant expresses dissatisfaction with their role change from sales supervisor to front desk host/security, feeling less impactful. Another participant criticizes the elimination of AP and general staffing cuts, citing nationwide hiring difficulties. The third participant finds constant chatter over walkie annoying, especially with help calls every 5 seconds, making it feel like blue shirts are always running around, causing inconvenience for both employees and customers.",0,0,1
70,t3_17491o2,"
The conversation revolves around the experiences of employees working at Best Buy post certain changes. The employees express their dissatisfaction with the management, HR, and the EET. They feel that HR is not responsive to their issues and upper management is pressuring them to meet sales targets. Some employees have also faced harassment and retaliation. The employees are considering whether to continue working at Best Buy or to find a new job. They also mention the importance of unions in protecting workers' rights. Some employees have already left the company and share their reasons for doing so. Overall, the employees feel that Best Buy is no longer a good place to work due to poor management, lack of support from HR, and high pressure to meet sales targets.",1,1,1
71,t3_19evzih,"
The conversation revolves around a lost/stolen gift card issue. The speaker's sister had given them a gift card to purchase products for her, but she later claimed to have lost it at the store. The speaker is inquiring if there is any way to trace the gift card usage or determine if it was used by a customer or Best Buy employee. They are aware of card lookup methods but are unsure if they apply to gift cards in the store's Point of Sale (POS) system. Some participants question the sister's actions and suggest it might be an abuse of the discount.",0,0,0
72,t3_13zsm2d,"
The conversation revolves around a mole on Corie Berry's face, with participants making light-hearted jokes about it. They compare it to a fly in a urinal, serving as a target for men's aim, and express amusement at the idea. One participant also suggests sending a product (sku 5790315) to help with the mole, while another, a woman, expresses confusion about men's restroom habits. Overall, the conversation is playful and humorous, with no malicious intent.",0,0,0
73,t3_14ngsbs,"
The conversation revolves around the delivery of a packet from Best Buy, with some participants having already received theirs. There is a general consensus that it should arrive soon. A positive aspect discussed is a participant securing a new manager position elsewhere, with a higher salary. The new job is at Micro Center. The conversation also touches upon the aftermath of the 'snap', which seems to have caused confusion and chaos within Best Buy. Some participants have given their blue polos to family members who work there. The title of the conversation suggests dissatisfaction with Best Buy's payment.",0,0,0
74,t3_14mdjt5," """"""
The conversation revolves around employee discounts at Best Buy and how they are affected by sales. The original post mentions that when a laptop is $300 off MSRP, Best Buy isn't taking the price hit, the OEM is. An example is given of a $1200 Asus laptop that gives an employee discount of $150, but if it goes on consumer-facing sale for $900, the employee discount is lost. However, Best Buy still makes the same margin off of the new total of $900. Some participants argue that employees should be happy about OEM deals as they are not taxed against their paycheck, while others mention that if a store discounts an item that is already on sale, they lose the kickback from the OEM. One participant shares their experience of getting a $1500 LG monitor for 50% off. Another participant asks if employee discounts are taxed on their paycheck, to which the response is that any employee discount more than 22% is subject to a federal tax. The conversation also touches upon contracts with OEMs that guarantee a certain margin, regardless of the price.",0,0,0
75,t3_18wvtbt,"
The conversation revolves around an individual who suspects they are being silently fired after returning from a medical leave. They have not been scheduled for work, and their managers have not responded to their messages. The conversation participants suggest that this could be due to low hours being allocated to part-time workers, or a deliberate attempt to avoid scheduling the individual. Some participants share their own experiences of being locked out of work systems during their leave, while others emphasize the importance of contacting HR for resolution. The conversation also touches upon the potential unethical and illegal nature of the situation, with suggestions to consult a lawyer and take legal action if necessary. Overall, the conversation highlights the challenges and uncertainties faced by employees during their return from medical leave, and the potential for unethical practices by employers.",0,0,0
76,t3_pebp8a,"
The conversation is between a newly hired Mobile Sales Supervisor (MSS) and experienced MSSs. The new MSS is excited about their first supervisor role and seeks advice. The experienced MSSs advise the new MSS to invest in their team, help them grow, and give every sale to their crew. They emphasize that numbers don't matter and suggest looking up one of the crew's numbers for sales, ensuring the crew gets credit. The new MSS finds this advice helpful, acknowledging it will be a change from their previous job where they were encouraged to take every customer.",0,0,0
77,t3_15dbudc,"
In this conversation, several individuals express frustration towards customers who post in a subreddit intended for Best Buy employees. They use strong language to convey their annoyance, and some suggest that customers should instead post in a different subreddit, /r/BestBuy. Some participants also criticize Best Buy as a company, complaining about understaffing and poor leadership. A few participants express sympathy towards the employees and acknowledge the challenges they face. The conversation seems to be centered around the tension between employees and customers, with some participants placing blame on the customers for not doing enough research before asking questions, while others criticize Best Buy for its policies and treatment of employees.",1,0,1
78,t3_17lnbeu,"
The conversation revolves around the introduction of a new cotton uniform in the organization. While there are rumors about a new cotton uniform with yellow accents, particularly for the sales floor, it is confirmed that there are only new versions of the polyester polo with yellow and orange accents for sales and GS respectively. However, there is a cotton version of the standard polo available in the uniform store for employees with skin or allergic reactions to the standard uniform, although they are more expensive. The Geek Squad logo polo with the accent is orange, and there are cotton version alternatives available. Managers are focused on P&L, and the uniform discussion is a small part of it. Some participants express their preference for the color orange and dislike for the polo material. The conversation also touches upon wearing undershirts and the dual logo for custom installers.",0,0,0
79,t3_19evcoa,"
In this conversation, participants discuss whether stores in micro markets can demote full-time employees to part-time if they don't meet a monthly revenue expectation. Most participants believe this is not legal or an acceptable practice, citing company standards and potential retaliation. Some suggest that employees can be put on action plans for poor performance, but cannot be demoted to part-time without proper documentation and evidence. A few participants mention that poor leadership or store struggles may be the real issue, rather than individual employee performance. Overall, participants express skepticism about the legality and fairness of such a demotion policy.",0,0,0
80,t3_s7vrdv,"
The conversation titled 'â˜ â˜ â˜ ' appears to be about a situation where someone is proclaiming a return, similar to when there were APs (Automated Passport Control kiosks) and people would make such claims. The speaker seems to find this amusing, as indicated by their laughter emoji. Another person then asks if that isn't the job of the first speaker, implying that they are responsible for such returns.",0,0,0
81,t3_k2mp32,"
The conversation is about finding a work schedule online. The suggested method is to use the employee app, where the schedule can be accessed by clicking on the 'SCHEDULE' option at the bottom of the page. The relevant links provided are 'https://mfa1.bestbuy.com/secureauth862/' and 'http://mytlc.bestbuy.com'.",0,0,0
82,t3_1580byk," The conversation revolves around the incentives for managers to push memberships at Best Buy. Some participants argue that managers receive significant bonuses based on membership sales, while others claim that this is a myth and that managers are simply doing their job. The conversation also touches on the profitability of memberships, the impact of memberships on revenue and operating income, and the role of shared success in manager bonuses. Additionally, some participants express frustration with the current state of Best Buy and the lack of sales skills being taught to employees. The conversation also references the removal of Total Tech and the reasons behind it. Overall, the conversation highlights the complexities of manager bonuses and the role of memberships in Best Buy's business strategy.",0,0,0
83,t3_18ff4a2,"
The conversation revolves around the topic of unionizing at Best Buy. Some participants express their support for unionization, citing issues such as reduced employee bonuses, increased workload, and lack of job security. Others are skeptical, arguing that unionization may not necessarily lead to higher wages or improved working conditions. There is also a discussion about the potential benefits and drawbacks of unionization, including the cost of union dues and the potential for improved bargaining power with management. Some participants share their personal experiences and opinions, while others provide links to resources and information about unionization. Overall, the conversation highlights the complexities and controversies surrounding unionization in the workplace.",0,0,0
84,t3_17491o2,"
The conversation revolves around the experiences of employees working at Best Buy post certain changes. The employees express their dissatisfaction with the management, HR, and the EET. They feel that HR is not responsive to their issues and upper management is pressuring them to meet sales targets. Some employees have also faced harassment and retaliation. The employees are considering whether to continue working at Best Buy or to find a new job. They also mention the importance of unions in protecting workers' rights. Some employees have already left the company and share their reasons for doing so. Overall, the employees feel that Best Buy is no longer a good place to work due to poor management, lack of support from HR, and high pressure to meet sales targets.",1,1,1
85,t3_jx0q4y,"
In this conversation, a new employee at Best Buy expresses concern about the post-eLearning process and their level of preparedness. Another employee reassures them that eLearnings serve as a foundation, and the real learning happens through training and shadowing. They mention that not everyone is expected to remember everything from the eLearnings, and it's normal to continue learning on the job. A third employee shares their experience of quickly moving from eLearnings to shadowing and learning mostly from the floor. The new employee is grateful for the advice and plans to focus on absorbing as much as they can from the eLearnings. The consensus is that while eLearnings provide basic knowledge, hands-on experience and additional learning are crucial for mastery.",0,0,0
86,t3_1382vj6,"
The conversation revolves around potential job cuts in the leadership roles of a company. The roles that might be affected include ASMs, SSMs, GSMs, and Sups. It is advised to use PTO as soon as possible. There are rumors of new positions like pay a services experience manager and a services experience supervisor. The company might be shifting towards a service center model. The conversation also mentions that PTO might not be paid out in some states upon termination. The roles of Ops managers and C&D managers are also being assessed.

Key highlights:
1. Potential job cuts in leadership roles.
2. Advised to use PTO asap.
3. Rumors of new positions.
4. Company might be shifting towards a service center model.
5. PTO might not be paid out in some states.
6. Roles of Ops managers and C&D managers are also being assessed.",0,0,0
87,t3_qhb9v1,"
In this conversation, the participants discuss the decreasing appeal of working at Best Buy (BBY) compared to other retailers. They mention factors such as low wages, weak employee discounts, and lack of accommodations. One participant points out that some Apple products no longer have a discount, while another participant asserts that Best Buy still applies a percentage above cost for discounted products. The participants also question whether Best Buy sells Apple products at no profit.",1,1,0
88,t3_198a0ow,"
In this conversation, participants discuss the topic of tips in the context of Best Buy's policy. Some individuals mention that they have received gift cards, cash tips, and store credits as a form of gratitude for their service. However, there is no clear guidance in the SOP, Employee Resources, or other resources regarding these situations. Participants generally agree that accepting cash tips is allowed, but there are varying opinions on accepting other forms of tips. Some suggest declining gift cards, especially those from Best Buy promotions, due to potential theft investigations. Others mention that accepting coins or using gift cards at a different store can be alternatives. A few participants share their personal experiences, including receiving a drone as a gift from a customer. However, there is a warning about the consequences of misusing gift cards, as one employee was fired for stealing and spending a gift card. Overall, the conversation highlights the need for clearer guidelines on accepting tips at Best Buy and the potential risks associated with certain forms of tips.",0,0,0
89,t3_oo5tzv,"
In this conversation, the participants discuss the availability of 30x graphics cards in various stores across the mainland. The first speaker, currently in Hawaii, inquires about the number of such cards received by the stores. The second speaker, from Clearwater, Florida, mentions that their store received 160 total 30x cards. Another participant shares that they observed around 200 cards, with 4 90s and 10 60s remaining when they reached the store. Unfortunately, the store in Holmdel, New Jersey, received no 30x cards. Lastly, a store near one of the participants received close to 250 total cards, primarily 3060 Ti and 3090 models, with the regular 3080 model selling out first.",0,0,0
