relevant,reason,output,question,statement
False,The statement provided does not contain any information about what Best Buy employees think of the company.," {
  ""relevant"": false,
  ""reason"": ""The statement provided does not contain any information about what Best Buy employees think of the company.""
}",What do Best Buy employees think fo the company?,What is your opinion on Best Buy currently.
False,"The statement 'Why are you at Best Buy?' does not directly address the question about what Best Buy employees think of the company. It is a question asking for an individual's reason for being employed at the company, rather than their opinion or thoughts on it."," {
  ""relevant"": false,
  ""reason"": ""The statement 'Why are you at Best Buy?' does not directly address the question about what Best Buy employees think of the company. It is a question asking for an individual's reason for being employed at the company, rather than their opinion or thoughts on it.""
}",What do Best Buy employees think fo the company?,Why are you at Best Buy?
True,The statement provides a positive opinion about the company's team environment and work culture. It suggests that employees at Best Buy enjoy their job if they are not antisocial and have an interest in technology.," {
  ""relevant"": true,
  ""reason"": ""The statement provides a positive opinion about the company's team environment and work culture. It suggests that employees at Best Buy enjoy their job if they are not antisocial and have an interest in technology.""
}",What do Best Buy employees think fo the company?,"Don‚Äôt listen to this guy, I work there and the team environment is outstanding everyone stands around talking to each other and let‚Äôs the antisocial people ring up the customers. You‚Äôll enjoy Best Buy as long as you aren‚Äôt antisocial and you actually enjoy technology"
True,"The statement provides insight into the perspective of a Best Buy employee regarding the company, indicating that opinions may vary among employees."," {
  ""relevant"": true,
  ""reason"": ""The statement provides insight into the perspective of a Best Buy employee regarding the company, indicating that opinions may vary among employees.""
}",What do Best Buy employees think fo the company?,"Being a veteran and Best Buy employee, I can see what you and OP mean. It really depends on the individual, but the blanket statement is accurate enough."
False,The statement 'Life as a Best Buy worker üíÄ' does not provide any information about what employees think of the company. It is unclear if it refers to a negative or positive sentiment and lacks context.," {
  ""relevant"": false,
  ""reason"": ""The statement 'Life as a Best Buy worker üíÄ' does not provide any information about what employees think of the company. It is unclear if it refers to a negative or positive sentiment and lacks context.""
}",What do Best Buy employees think fo the company?,Life as a Best Buy worker üíÄ
True,"The statement provides insight into the employee's perspective on Best Buy as a company, suggesting that it may not be a long-term career for most employees and encourages them to use their experience there to advance in their careers elsewhere."," {
  ""relevant"": true,
  ""reason"": ""The statement provides insight into the employee's perspective on Best Buy as a company, suggesting that it may not be a long-term career for most employees and encourages them to use their experience there to advance in their careers elsewhere.""
}",What do Best Buy employees think fo the company?,"And one last thing: have an open mind. Best Buy will not be a career for 98% of current employees. Use what skills and knowledge you learn here to springboard yourself into a better, higher paying position. Don‚Äôt let complacency and comfortability overtake your potential."
False,The statement does not provide any information about the employee's thoughts or opinions on Best Buy as a company.," {
  ""relevant"": false,
  ""reason"": ""The statement does not provide any information about the employee's thoughts or opinions on Best Buy as a company.""
}",What do Best Buy employees think fo the company?,"Gotcha, thanks. I only worked at Best Buy for a few months last year, but I'm fascinated by what's going on with this company and its apparent impending doom. So I like to keep up on the drama üòÇ"
True,"The statement provides a perspective on the change in employee sentiment towards Best Buy after the CEO took over, indicating that employees used to love working there but now feel differently."," {
  ""relevant"": true,
  ""reason"": ""The statement provides a perspective on the change in employee sentiment towards Best Buy after the CEO took over, indicating that employees used to love working there but now feel differently.""
}",What do Best Buy employees think fo the company?,"Best Buy used to be a great company to work for before Corie the CEO took over. Employees used to love working there, staffing was great, it wasn‚Äôt all about stupid sales metrics. Times have changed"
False,The provided statement does not contain any information about what Best Buy employees think of the company.," {
  ""relevant"": false,
  ""reason"": ""The provided statement does not contain any information about what Best Buy employees think of the company.""
}",What do Best Buy employees think fo the company?,This is for Best Buy employees. Wrong Reddit
True,"The statement provides a negative view of working at Best Buy from an employee's perspective, mentioning low employee retention, stressful work environment, and poor management practices."," {
  ""relevant"": true,
  ""reason"": ""The statement provides a negative view of working at Best Buy from an employee's perspective, mentioning low employee retention, stressful work environment, and poor management practices.""
}",What do Best Buy employees think fo the company?,"Move on and look for something better. Or hang in there till you actually find something. Yes, the pay is decent but you can do better based on your experience. Plus best buy looks good as a stepping stone for your resume. Don't think it gets better because it won't. Maybe 6 years ago it was better, but the new version and direction isn't worth the stress. Look around you, if the seasoned staff and veterans are leaving it should be a clear indicator that it's a lost cause. Don't let best buy burn you out or change you as a person for the sake of sales goals.  Best Buy has 0 concern about employee retention. Just credit card apps,TTS and NPS. All factors that affect achievers and leadership bonuses. Not the individuals doing the work. You do everything and get nothing while the leaders get everything.  Get out when you can."
False,The statement provided does not contain any information about the employee's opinion of the company.," {
    ""relevant"": false,
    ""reason"": ""The statement provided does not contain any information about the employee's opinion of the company.""
}",What do Best Buy employees think fo the company?,"Lmao; can‚Äôt even learn how to edit a comment? Had to delete it and repost? Welcome to retail tech everyone, where the people in charge don‚Äôt even know how to operate basic tech and expect everyone to drop golden eggs.   Definitely a ü§°"
False,The statement provided does not directly address the opinions or thoughts of Best Buy employees about the company.," {
    ""relevant"": false,
    ""reason"": ""The statement provided does not directly address the opinions or thoughts of Best Buy employees about the company.""
}",What do Best Buy employees think fo the company?,"This shows how much things have changed under Corie.  During the 2016 floods in Louisiana (20+ inches of rain in 24 hours), I got one phone call from corporate, one from the store manager, and one from my manager with Geek Squad asking if I needed an evac.  There was a tornado that came through in 2018 and I got two calls asking if I needed assistance, one from corporate and one from the store manager."
False,The statement provided does not contain any information about Best Buy employees' opinions or thoughts about the company.," {
  ""relevant"": false,
  ""reason"": ""The statement provided does not contain any information about Best Buy employees' opinions or thoughts about the company.""
}",What do Best Buy employees think fo the company?,"Congratulations on the new job, hope the new team shows you mad support!"
False,The statement provided is not relevant to the question as it does not discuss the opinions or thoughts of Best Buy employees about the company.," {
  ""relevant"": false,
  ""reason"": ""The statement provided is not relevant to the question as it does not discuss the opinions or thoughts of Best Buy employees about the company.""
}",What do Best Buy employees think fo the company?,Blue polos with yellow; Did anyone else get new blue polos with yellow where the buttons are?
False,"The statement provided does not directly address the opinions of Best Buy employees about their company. Instead, it offers advice on how to navigate a seasonal position at the company and suggests that the employee should consider working elsewhere."," {
  ""relevant"": false,
  ""reason"": ""The statement provided does not directly address the opinions of Best Buy employees about their company. Instead, it offers advice on how to navigate a seasonal position at the company and suggests that the employee should consider working elsewhere.""
}",What do Best Buy employees think fo the company?,"Do yourself a favor, don't.  It's not worth it and no matter how well you do one month they will want more the next.    As a seasonal, keep doing what you are, when they ask what is wrong say you don't feel confident or trained on how to support certain customers.  This will force the EMs hand to help you. If the supervisor isn't capable of helping move to them and tell them on your own accord you want to be better and to meet goals.  If you are reliable, on time, and focused they have no excuse but to keep scheduling you.   But seriously go anywhere else."
False,The statement provided is an image URL and not a response from an employee at the company of interest. It cannot be used to further a dialogue with the employee.," {
  ""relevant"": false,
  ""reason"": ""The statement provided is an image URL and not a response from an employee at the company of interest. It cannot be used to further a dialogue with the employee.""
}",What do Best Buy employees think fo the company?,![gif](giphy|znRstrOYuirrW)
False,The statement 'No!' is not relevant to the question as it does not provide any information about what Best Buy employees think of the company.," {
  ""relevant"": false,
  ""reason"": ""The statement 'No!' is not relevant to the question as it does not provide any information about what Best Buy employees think of the company.""
}",What do Best Buy employees think fo the company?,No!
False,The statement provided does not contain any information about the employee's thoughts or opinions on the company.," {
  ""relevant"": false,
  ""reason"": ""The statement provided does not contain any information about the employee's thoughts or opinions on the company.""
}",What do Best Buy employees think fo the company?,I have 8 days coming up. And I‚Äôm 74. Suck it up.
False,The statement provided does not contain any information about what Best Buy employees think of the company. It only mentions a company-wide event happening in March but does not relate to employee opinions or feelings.," {
  ""relevant"": false,
  ""reason"": ""The statement provided does not contain any information about what Best Buy employees think of the company. It only mentions a company-wide event happening in March but does not relate to employee opinions or feelings.""
}",What do Best Buy employees think fo the company?,done company wide every March not on your work anniversary
False,The statement '#shockedpikachuface' is not relevant to the question 'What do Best Buy employees think of the company?' as it does not contain any information or opinion about the company or its employees.," {
  ""relevant"": false,
  ""reason"": ""The statement '#shockedpikachuface' is not relevant to the question 'What do Best Buy employees think of the company?' as it does not contain any information or opinion about the company or its employees.""
}",What do Best Buy employees think fo the company?,#shockedpikachuface
False,The statement provided does not contain any information about what Best Buy employees think of the company. It only mentions that the list was obtained from a Discord chat.," {
  ""relevant"": false,
  ""reason"": ""The statement provided does not contain any information about what Best Buy employees think of the company. It only mentions that the list was obtained from a Discord chat.""
}",What do Best Buy employees think fo the company?,Got this list from a discord chat
False,"The statement provided does not offer any insight into what Best Buy employees think of the company. Instead, it discusses an individual's personal experience and decision to quit their job."," {
  ""relevant"": false,
  ""reason"": ""The statement provided does not offer any insight into what Best Buy employees think of the company. Instead, it discusses an individual's personal experience and decision to quit their job.""
}",What do Best Buy employees think fo the company?,"I quit last Saturday. I almost want to contact my HSEAM just to see if I can un-quit, go on LOA, and take the inevitable severance whenever I get termed haha."
False,The statement provided is a personal experience of a former Best Buy employee and does not directly address the opinions or thoughts of employees about the company.," {
  ""relevant"": false,
  ""reason"": ""The statement provided is a personal experience of a former Best Buy employee and does not directly address the opinions or thoughts of employees about the company.""
}",What do Best Buy employees think fo the company?,"Former BBY employee here. Was in phone hub and got a call 5 minutes before close. The lady wanted me to hold something for her and to keep the doors open an extra 10 minutes so she could get the item. Well, we didn't have it in stock. When I informed her of that, she told me to check all the other best buys. In the area. Well, one of them had it. But that location was 20 min from my store. She wanted me to call that store, have them keep their doors open, just so she could get the item. I told her I was not doing that and reminded her of our hours. She flipped absolute shit and told me to go unalive myself. As one who has dealt with suicidal ideations and thoughts, this hit me really hard. I am genuinely surprised I didn't lose my shit on her. Instead, i slammed the phone down."
False,"The statement provided is not relevant to the question as it does not discuss Best Buy employees' opinions or thoughts about the company. Instead, it talks about discounts offered by other companies like Walmart and Costco."," {
  ""relevant"": false,
  ""reason"": ""The statement provided is not relevant to the question as it does not discuss Best Buy employees' opinions or thoughts about the company. Instead, it talks about discounts offered by other companies like Walmart and Costco.""
}",What do Best Buy employees think fo the company?,Maybe it‚Äôs different from country to country but I know for a fact that Walmart gives 10%off and something similar at costco
False,The statement 'Is it the rumored 10-9 again?' is not relevant to the question about Best Buy employees' opinions of the company. It does not provide any information or insight into their thoughts or feelings.," {
  ""relevant"": false,
  ""reason"": ""The statement 'Is it the rumored 10-9 again?' is not relevant to the question about Best Buy employees' opinions of the company. It does not provide any information or insight into their thoughts or feelings.""
}",What do Best Buy employees think fo the company?,Is it the rumored 10-9 again?
False,"The statement provided is not relevant to the question about Best Buy employees' opinions of the company. The statement discusses counterfeit pins and using spray starch on a bill, which is unrelated to the topic."," {
  ""relevant"": false,
  ""reason"": ""The statement provided is not relevant to the question about Best Buy employees' opinions of the company. The statement discusses counterfeit pins and using spray starch on a bill, which is unrelated to the topic.""
}",What do Best Buy employees think fo the company?,I have heard from numerous people who work at banks that the counterfeit pins can be defeated by spraying spray starch on a bill.
True,The statement provides insight into an employee's negative experience with a General Manager (GM) at the company and their feelings about the disparity in pay between GMs and other employees. This indicates that the employee does not have a positive view of the company.," {
    ""relevant"": true,
    ""reason"": ""The statement provides insight into an employee's negative experience with a General Manager (GM) at the company and their feelings about the disparity in pay between GMs and other employees. This indicates that the employee does not have a positive view of the company.""
}",What do Best Buy employees think fo the company?,Had a similar experience with a GM that the company has protected on multiple occasions (moved better stores after sexual misconduct)  GMs make so much more than everyone else it's absurd and I genuinely feel that throws everything off.  Glad I'm years gone from Best Buy.
False,The statement 'Roadie picks up at our store pickup' does not provide any information about Best Buy employees' opinions or thoughts on the company.," {
  ""relevant"": false,
  ""reason"": ""The statement 'Roadie picks up at our store pickup' does not provide any information about Best Buy employees' opinions or thoughts on the company.""
}",What do Best Buy employees think fo the company?,Roadie picks up at our store pickup
False,The statement 'thank you! I wish you well' does not provide any information about what Best Buy employees think of the company. It is a generic response and does not address the specific question asked.," {
  ""relevant"": false,
  ""reason"": ""The statement 'thank you! I wish you well' does not provide any information about what Best Buy employees think of the company. It is a generic response and does not address the specific question asked.""
}",What do Best Buy employees think fo the company?,thank you ! i wish you well
False,The statement provided does not address the opinions of Best Buy employees about the company.," {
  ""relevant"": false,
  ""reason"": ""The statement provided does not address the opinions of Best Buy employees about the company.""
}",What do Best Buy employees think fo the company?,Depends on a lot things whether there is out of state travel. The biggest factor that I have seen is when it comes to remodels or covering projects for teams doing the remodels.
False,The statement 'Thank you so much!' is not relevant to the question about what Best Buy employees think of the company. It does not provide any information or opinion on the subject.," {
  ""relevant"": false,
  ""reason"": ""The statement 'Thank you so much!' is not relevant to the question about what Best Buy employees think of the company. It does not provide any information or opinion on the subject.""
}",What do Best Buy employees think fo the company?,Thank you so much!
False,"The statement provided does not address the opinions or thoughts of Best Buy employees about the company. Instead, it discusses a financial aspect related to taxes and purchases."," {
  ""relevant"": false,
  ""reason"": ""The statement provided does not address the opinions or thoughts of Best Buy employees about the company. Instead, it discusses a financial aspect related to taxes and purchases.""
}",What do Best Buy employees think fo the company?,"The company will give you enough to cover the taxes, that‚Äôs why you see more than the amount you won"
False,"The statement provided does not discuss Best Buy employees' opinions or thoughts about the company. Instead, it talks about accommodations and learning resources available to employees."," {
  ""relevant"": false,
  ""reason"": ""The statement provided does not discuss Best Buy employees' opinions or thoughts about the company. Instead, it talks about accommodations and learning resources available to employees.""
}",What do Best Buy employees think fo the company?,"Accomodations; How do they work now? Back in the day I literally searched accomodation on learning lounge or whatever it was called, did some learnings and got hella deals. What's the process now? I looked on Learning Network and all I saw was the one for a paper tablet?"
False,The provided statement does not contain any information about what Best Buy employees think of the company. It is unrelated to the question.," {
  ""relevant"": false,
  ""reason"": ""The provided statement does not contain any information about what Best Buy employees think of the company. It is unrelated to the question.""
}",What do Best Buy employees think fo the company?,[deleted]
False,The statement provided does not address the opinions of Best Buy employees about the company.," {
  ""relevant"": false,
  ""reason"": ""The statement provided does not address the opinions of Best Buy employees about the company.""
}",What do Best Buy employees think fo the company?,"Warehouse; I‚Äôm 6‚Äô3 250 and this week and half of last week I‚Äôve been being forced to do more of a warehouse type job by my self and I‚Äôm supposed to be upfront, should I be worried about them transferring me to warehouse or just hope this is only for Black Friday. (I don‚Äôt wanna be warehouse and only wanna be upfront)"
True,The statement provides insight into the employee's perspective on how Best Buy management treats cashiers and their focus on sales floor performance over customer service.," {
    ""relevant"": true,
    ""reason"": ""The statement provides insight into the employee's perspective on how Best Buy management treats cashiers and their focus on sales floor performance over customer service.""
}",What do Best Buy employees think fo the company?,My bestbuy doesn‚Äôt care about the cashiers at all they over staff it and don‚Äôt even realize who‚Äôs up front or not I‚Äôve talked to some of the cashiers and they said that they have only sold 2 credit cards in like 8 months because they are so focused on the sales floor
False,"The statement provided does not address the opinions or thoughts of Best Buy employees about the company. Instead, it discusses a specific aspect of their PTO (Paid Time Off) policy."," {
  ""relevant"": false,
  ""reason"": ""The statement provided does not address the opinions or thoughts of Best Buy employees about the company. Instead, it discusses a specific aspect of their PTO (Paid Time Off) policy.""
}",What do Best Buy employees think fo the company?,Yes very true so it falls into PTO bank and if your full time 48 of those hours are for sick use  The policy is the same across the board
False,"The statement provided is about Starbucks, not Best Buy, and discusses a legal issue related to unionization. It does not address the opinions or thoughts of Best Buy employees towards their company."," {
    ""relevant"": false,
    ""reason"": ""The statement provided is about Starbucks, not Best Buy, and discusses a legal issue related to unionization. It does not address the opinions or thoughts of Best Buy employees towards their company.""
}",What do Best Buy employees think fo the company?,"Neat. That's illegal. They'll be paying out wages for every worker for years and some fines to the NLRB.  Example: [https://finance.yahoo.com/news/starbucks-broke-law-closing-unionized-235432190.html](https://finance.yahoo.com/news/starbucks-broke-law-closing-unionized-235432190.html)  Wanna know how that ended? [Here's the final order](https://apps.nlrb.gov/link/document.aspx/09031d4583acd8f4) from the Administrative Law Judge who oversaw [the consolidated case](https://www.nlrb.gov/case/03-CA-295470):  &#x200B;  >Respondent, Starbucks Corporation, its officers, agents, and representatives, shall   >   >1. Cease and desist from   >   >(a) Discharging or otherwise discriminating against employees for engaging in union or other protected concerted activity.   >   >(b) Refusing to engage in decisional bargaining over store closures that reasonably can be expected to chill union activity at other Starbucks facilities.   >   >(c) Refusing to bargain over any changes to its policies and practices that have changed since the certification of the Union on April 8, 2022, including enforcement of discipline and the hours of operations of its Ithaca stores.   >   >(d) Suggesting to pro-union employees that they quit their employment if they are unhappy.   >   >(e) Suggesting to employees that it has no intention of complying with the National Labor Relations Act and/or otherwise suggesting that organizing would be futile.   >   >(f) More strictly and consistently enforcing its rules and policies after learning of union activity.   >   >(g) Denying leave requests due to union activity.   >   >(h) Telling employees that it was permanently closing a store when no such decision had been made.   >   >(i) In any manner interfering with, restraining or coercing employees in the exercise of the rights guaranteed them by Section 7 of the Act. If no exceptions are filed as provided by Sec. 102.46 of the Board‚Äôs Rules and Regulations, the findings, conclusions, and recommended Order shall, as provided in Sec. 102.48 of the Rules, be adopted by the Board and all objections to them shall be deemed waived for all purposes. I find"
False,The statement 'nah' does not provide any information about what Best Buy employees think of the company. It is too vague and lacks context to be considered relevant.," {
  ""relevant"": false,
  ""reason"": ""The statement 'nah' does not provide any information about what Best Buy employees think of the company. It is too vague and lacks context to be considered relevant.""
}",What do Best Buy employees think fo the company?,nah
True,"The statement provides a detailed account of an employee's personal experience at Best Buy, highlighting reasons for leaving such as favoritism, sexual harassment, restructuring, pay cuts, and management changes. It also mentions the company's focus on subscription-based services and getting credit cards instead of addressing employee concerns."," {
  ""relevant"": true,
  ""reason"": ""The statement provides a detailed account of an employee's personal experience at Best Buy, highlighting reasons for leaving such as favoritism, sexual harassment, restructuring, pay cuts, and management changes. It also mentions the company's focus on subscription-based services and getting credit cards instead of addressing employee concerns.""
}",What are the most common reasons for employees to leave Best Buy?,"Well, I worked there for 4 years. 3 of being in the highest ranked sales position in the company (MDC/System Designer) my reasons were pretty well the same grievances company wide. My reasons were compounded by favoritism and sexual harassment. Note** MDC was 100% commission based. You could make ALOT of money if you‚Äôre a closer (I am, was one of the top network designers in the country)  Best Buy recently made the largest restructuring they‚Äôve had in over a decade. This roll out was through the pandemic and VERY ROUGH.   They went from hourly, specialized departments to hourly+commission store wide sales consultants. Meaning the sales people had to step out of their ‚Äúcomfort zone‚Äù and learn other parts of the store they were not familiar with. This new business model included in-home ‚ÄúSr. Sales Consultants‚Äù that would advise customers in their homes. On paper and in theory this is a smart move. A personal touch higher paid sales people that are more knowledgeable.   The problem with that is there are only a few guys skilled enough to do these roles and worked mainly on the MDC department along with a handful of Best Buy ‚ÄúIn home advisors‚Äù which were just more entry-level system designers. When they rolled everything out they stripped the majority system designers of their titles, made them focus on lesser products and learn the entire store. And high end or high level jobs would go to the 1 or 2 designers that would then take on everyone‚Äôs workload.   It was stressful as hell It was demoralizing being stripped of a prestigious title. It made us feel like a number in a machine  I personally was offered a pay cut and they tried to make me feel excited about it. (Most got raises, more on that later.) THEN MADE ME WORK MORE! The rest of the store basically got pay raises and demoted. It‚Äôs what it felt like. Payed more to eat more shit.  They stopped caring about the things that made the work place fun and focused heavily on subscription based services (TTS) and coached primarily on that. And getting credit cards. The important managers (GM/SSM) are rarely in the store to address concerns and the company has them hide behind a computer all day doing other things.  They are turning more stores into just warehouses, the staff is trained to hand the customer off to a sales consultant or sr sales consultant. So it makes the worker feel less important. A lot of people are taking pay cuts to leave. In my store alone I can name 6 off the top of my head and more looking for other work. ALL of which where the best employees in the store.   My store went from 7 to 2 designers. One of which was a ‚Äústraight‚Äù man who asked me to have sex with his wife while he watched. Turns out he‚Äôs also both gay and straight. He‚Äôs had multiple sexual harassment accusations. Our store had a new GM take our store over and right before the switch. This GM had known the gay cuck for ‚Äúyears‚Äù Turns out he‚Äôs doing the interviews. Again, I was one of the top networking designers in the country, but he sold more TVs and sound-bars than me. I made the company more money, he sold more entry level product.   They promoted the gay cuck  Try to get me to hand my clients over to him.  My clients were CEOs, Lawyers, Real-estate investors. They were loyal to me. Repeat clients   His customer was a kid who‚Äôs parents own a small phone repair store that bought brackets and entry level TVs from him.   Best Buy is a who you know - blunt force object that pushed all their skilled workers out because they think they don‚Äôt need them. The majority of their money comes from online purchases.   I used to like working there and my experience alllll the way up until the end was mostly positive."
True,"The statement provides some reasons why employees might leave Best Buy, such as a weakening employee discount, lack of accommodations, and high turnover rate. It also suggests that other retailers may offer better incentives for workers."," {
  ""relevant"": true,
  ""reason"": ""The statement provides some reasons why employees might leave Best Buy, such as a weakening employee discount, lack of accommodations, and high turnover rate. It also suggests that other retailers may offer better incentives for workers.""
}",What are the most common reasons for employees to leave Best Buy?,"Best Buy is running out of good reasons for people to value working here. The employee discount seems to get weaker all the time and accommodations are almost nonexistent. And judging from the nonstop openings at the stores in my area I‚Äôm guessing the turnover rate has gone wayyy up because there‚Äôs no reason to stay if you can switch to Target, Costco or any other retailer and make the same."
True,"The statement is relevant because it provides insight into an employee's personal experience of unhappiness and dissatisfaction with the company direction, pay cuts, and overwork. This suggests that these factors might contribute to employees leaving Best Buy."," {
    ""relevant"": true,
    ""reason"": ""The statement is relevant because it provides insight into an employee's personal experience of unhappiness and dissatisfaction with the company direction, pay cuts, and overwork. This suggests that these factors might contribute to employees leaving Best Buy.""
}",What are the most common reasons for employees to leave Best Buy?,"i've been here for 8 years, work in the highest sales position you can get in the company and am leaving pretty soon. really unhappy with the direction the company is going. took a huge pay cut, am getting really overworked and just generally becoming unhappy. I honestly expect the company to die in the new few years if they  don't bring back our old ceo"
False,"The statement does not provide any specific reasons for employees leaving Best Buy. Instead, it acknowledges that the reasons can vary from person to person and that the provided statement is accurate enough."," {
  ""relevant"": false,
  ""reason"": ""The statement does not provide any specific reasons for employees leaving Best Buy. Instead, it acknowledges that the reasons can vary from person to person and that the provided statement is accurate enough.""
}",What are the most common reasons for employees to leave Best Buy?,"Being a veteran and Best Buy employee, I can see what you and OP mean. It really depends on the individual, but the blanket statement is accurate enough."
False,The statement does not directly address the reasons why employees leave Best Buy. It only discusses changes within the company that may affect employee satisfaction.," {
  ""relevant"": false,
  ""reason"": ""The statement does not directly address the reasons why employees leave Best Buy. It only discusses changes within the company that may affect employee satisfaction.""
}",What are the most common reasons for employees to leave Best Buy?,Best Buy doesn‚Äôt want salesmen anymore. Old school selling skills are gone and not taught/no more induction training for new employees.  Culture has changed in BB and not for the better
False,The statement 'Why are you at Best Buy?' does not address the question about the most common reasons for employees to leave Best Buy. It is a personal question directed towards an individual employee and their motivations for working at the company.," {
  ""relevant"": false,
  ""reason"": ""The statement 'Why are you at Best Buy?' does not address the question about the most common reasons for employees to leave Best Buy. It is a personal question directed towards an individual employee and their motivations for working at the company.""
}",What are the most common reasons for employees to leave Best Buy?,Why are you at Best Buy?
False,The statement does not provide any information about the most common reasons for employees to leave Best Buy.," {
  ""relevant"": false,
  ""reason"": ""The statement does not provide any information about the most common reasons for employees to leave Best Buy.""
}",What are the most common reasons for employees to leave Best Buy?,"Gotcha, thanks. I only worked at Best Buy for a few months last year, but I'm fascinated by what's going on with this company and its apparent impending doom. So I like to keep up on the drama üòÇ"
False,"The statement provided does not address the reasons why employees might leave Best Buy. Instead, it seems to be a play on words or a joke about staying at the company."," {
  ""relevant"": false,
  ""reason"": ""The statement provided does not address the reasons why employees might leave Best Buy. Instead, it seems to be a play on words or a joke about staying at the company.""
}",What are the most common reasons for employees to leave Best Buy?,You are at Best Buy because you don‚Äôt walk out?   Make it make sense
False,"The statement provided does not address the reasons why employees leave Best Buy. Instead, it seems to be a response to an employee who may have left the company and is questioning the reason for their departure."," {
  ""relevant"": false,
  ""reason"": ""The statement provided does not address the reasons why employees leave Best Buy. Instead, it seems to be a response to an employee who may have left the company and is questioning the reason for their departure.""
}",What are the most common reasons for employees to leave Best Buy?,"Why are you at Best buy? Also you walking out just adds to the stress of other coworkers...the same stress you are probably sick of? Idk, this just feels off, didn't happen, or something.."
False,"The statement provided is a personal experience and opinion about the company, not a general explanation of common reasons for employees to leave Best Buy."," {
    ""relevant"": false,
    ""reason"": ""The statement provided is a personal experience and opinion about the company, not a general explanation of common reasons for employees to leave Best Buy.""
}",What are the most common reasons for employees to leave Best Buy?,"Let Go Today; I was informed today that I was being terminated due to attendance violations. (Being late, not calling out or no call no showing). It‚Äôs been quite the experience over the last 20 months. The people I‚Äôve worked with, especially in product flow are some of the funniest, most hard-working people I‚Äôve ever known, and I was honored and privileged to work alongside them.   With that being said, Best Buy, as a corporation, is completely and utterly fucked. Starting at the top, Cori Berri is one of the worst executives I‚Äôve ever heard of. She constantly takes this company and drives it into the ground. It almost seems intentional at this point. She is a fucking idiot and I wouldn‚Äôt trust her to run a lemonade stand, let alone a huge corporation.   To one of my managers in particular, you are an asshole. Plain and simple. You constantly call people out over the walkie for stupid things, knowing damn well that it could‚Äôve been a 1on1 conversation, or one that didn‚Äôt need to occur in the first place. Instead, you sit on your ass or stand at the AP and belittle people. Idgaf how long you‚Äôve worked there, you‚Äôre a dick and I hope you eat shit. You constantly bring morale down throughout the store and then wonder why people don‚Äôt have good attitudes.  To the managers, STOP INTERRUPTING CONVERSATIONS BETWEEN SALES FLOOR AND CUSTOMERS. It has to be the most deflating thing in the world when you‚Äôre having a good conversation with a customer, selling them product, learning about them and their interests, and then hearing over the walkie, ‚Äúoo (salesperson‚Äôs name), looks like a good membership opportunity‚Äù. I hear that and I can feel the balloon being deflated. Fuck your stupid memberships, fuck your stupid credit cards, 99% of customers don‚Äôt want it and you make the interactions worse by shoving it down their throats.   With that, Best Buy needs to bring back specialization. One of the biggest complaints that customers have is that ‚Äúyour sales floor doesn‚Äôt know shit about the product.‚Äù Well, how could they? Best Buy wants sales floor to be experts on thousands of products. You know what happens when you try to be an expert on everything? You‚Äôre an expert on nothing. It‚Äôs simply impossible. Best Buy is trying so hard to suck customer‚Äôs dicks and yet, is actively pushing them away every single day.   All in all, I‚Äôm predicting that Best Buy will not make it to 2030. I hope I‚Äôm wrong because workers at Best Buy need jobs. But unfortunately, I see Best Buy following the footsteps of KMart straight to bankruptcy. The board needs to get Cori as far away as possible from Best Buy.   Best of luck,  Former Product Flow Specialist"
False,"The statement does not address the reasons why employees leave Best Buy. Instead, it discusses a situation where an employee feels their time is being wasted on dealing with pranks."," {
  ""relevant"": false,
  ""reason"": ""The statement does not address the reasons why employees leave Best Buy. Instead, it discusses a situation where an employee feels their time is being wasted on dealing with pranks.""
}",What are the most common reasons for employees to leave Best Buy?,"Plus it‚Äôs clearly wasting the employees time. We have so little time, not enough to babysit pranks"
False,"The statement provided is not relevant to the question as it does not discuss reasons for employees leaving Best Buy. Instead, it focuses on the best times to check employee accommodations for limited deals."," {
  ""relevant"": false,
  ""reason"": ""The statement provided is not relevant to the question as it does not discuss reasons for employees leaving Best Buy. Instead, it focuses on the best times to check employee accommodations for limited deals.""
}",What are the most common reasons for employees to leave Best Buy?,What are the best times to check Employee Accommodatios so you don‚Äôt miss out on super limited deals?
False,The statement does not directly address the reasons why employees leave Best Buy. It only provides a negative experience that an employee had while working there.," {
  ""relevant"": false,
  ""reason"": ""The statement does not directly address the reasons why employees leave Best Buy. It only provides a negative experience that an employee had while working there.""
}",What are the most common reasons for employees to leave Best Buy?,When you are told to sell it no matter what or it will cost you your hours/job.....this is the result.
False,The provided statement does not address the topic of why employees leave Best Buy. It is unrelated and contains a typo.," {
  ""relevant"": false,
  ""reason"": ""The provided statement does not address the topic of why employees leave Best Buy. It is unrelated and contains a typo.""
}",What are the most common reasons for employees to leave Best Buy?,Yeah thats the main way to learn shir
False,"The statement provided does not address the reasons why employees leave Best Buy. Instead, it describes a typical interaction between an employee and a customer at the store."," {
  ""relevant"": false,
  ""reason"": ""The statement provided does not address the reasons why employees leave Best Buy. Instead, it describes a typical interaction between an employee and a customer at the store.""
}",What are the most common reasons for employees to leave Best Buy?,"It‚Äôs pretty straight forward‚Ä¶   ‚ÄúHey how‚Äôs it going? What are you looking for today?‚Äù  ‚ÄúOkay, you need a new laptop. I‚Äôve got a few questions to find what is best for you. Mind if I start with your phone number?‚Äù  This is probably what your GM is asking for."
False,"The statement provided does not address the reasons why employees might leave Best Buy. Instead, it seems to be discussing an unrelated issue related to a department of labor."," {
  ""relevant"": false,
  ""reason"": ""The statement provided does not address the reasons why employees might leave Best Buy. Instead, it seems to be discussing an unrelated issue related to a department of labor.""
}",What are the most common reasons for employees to leave Best Buy?,This is a department of labor issue Turn them in
False,The statement provided does not address the reasons why employees leave Best Buy. It is about recording permissions and responsibilities.," {
  ""relevant"": false,
  ""reason"": ""The statement provided does not address the reasons why employees leave Best Buy. It is about recording permissions and responsibilities.""
}",What are the most common reasons for employees to leave Best Buy?,I mean you really aren‚Äôt allowed to record in most places without permission so it‚Äôs kinda on you.
False,The statement provided does not address the reasons why employees leave Best Buy. It only discusses an employee's experience with their career progression within the company.," {
  ""relevant"": false,
  ""reason"": ""The statement provided does not address the reasons why employees leave Best Buy. It only discusses an employee's experience with their career progression within the company.""
}",What are the most common reasons for employees to leave Best Buy?,From my experience no. Went from CA to ARA and to senior with no video interview. But still did have to do in person interview of course.
False,The statement does not provide any information about the most common reasons for employees to leave Best Buy.," {
    ""relevant"": false,
    ""reason"": ""The statement does not provide any information about the most common reasons for employees to leave Best Buy.""
}",What are the most common reasons for employees to leave Best Buy?,Nope you can't go to any best buy any more your screwed every one at every best buy will what you did!  Sorry man.
False,"The statement provided does not address the reasons for employees leaving Best Buy. Instead, it discusses a specific issue related to minimum hours for part-time employees at a California location."," {
  ""relevant"": false,
  ""reason"": ""The statement provided does not address the reasons for employees leaving Best Buy. Instead, it discusses a specific issue related to minimum hours for part-time employees at a California location.""
}",What are the most common reasons for employees to leave Best Buy?,Minimum Hours as part timer.; I have a serious inquiry what is the minimum hours an employee(part timer) can have legally at a BestBuy(California Location) before calling HR because the hours are too low and you have informed you ASM?
False,The provided statement is not relevant to the question as it does not mention any specific reasons for employees leaving Best Buy.," {
  ""relevant"": false,
  ""reason"": ""The provided statement is not relevant to the question as it does not mention any specific reasons for employees leaving Best Buy.""
}",What are the most common reasons for employees to leave Best Buy?,^
False,"The statement provided does not address the reasons for employees leaving Best Buy. Instead, it discusses a specific pay structure issue related to 'flex pay' and 'flexing down on pay'."," {
  ""relevant"": false,
  ""reason"": ""The statement provided does not address the reasons for employees leaving Best Buy. Instead, it discusses a specific pay structure issue related to 'flex pay' and 'flexing down on pay'.""
}",What are the most common reasons for employees to leave Best Buy?,This has been a thing since they first introduced flex pay. They stopped it for a while because most people flexed down on pay while they revamped it. As an ARA you technically can‚Äôt be a SL because of this issue. Your pay grade is higher than the advisors and would have the issue of flexing down like you‚Äôre experiencing.
False,"The statement provided does not address the reasons why employees leave Best Buy. Instead, it describes an interaction between an employee and a customer at the store."," {
  ""relevant"": false,
  ""reason"": ""The statement provided does not address the reasons why employees leave Best Buy. Instead, it describes an interaction between an employee and a customer at the store.""
}",What are the most common reasons for employees to leave Best Buy?,"Roadie pick up sometimes are real aholes; Guy comes up to me asking wheres the warehouse (mind you never seen this man in my life) ask if he was roadie he said yes so i told him to go to the ap guy so they can announce him with the floor manager. I clearly dont want to get in trouble for sending someone who claims to be roadie to the back so i rather have a manager handle it. He then tried to berate me saying i dont know anything and that hes been at my store 10 times (which good for him does he want a cookie?) so he proceeded to walk away and i yelled out ‚Äúif you been here 10 times why are you asking me where the warehouse is at, Dick!‚Äù He then got his crap walks by me and mutters shit  i looked him dead in the eye telling him to keep walking. Like i really did nothing wrong neither want to be in trouble for unauthorized ppl to be at the warehouse but this glorified delivery guy wants to start shit the hell is his problem?"
False,The statement provided is about the quality of Sony products and does not address the reasons why employees leave Best Buy.," {
  ""relevant"": false,
  ""reason"": ""The statement provided is about the quality of Sony products and does not address the reasons why employees leave Best Buy.""
}",What are the most common reasons for employees to leave Best Buy?,"Sony. It seems to be established both in the company and in our consumer base that that name represents high quality, and that perception is correct. The company has decades of experience not only making equipment but making content for it. Samsungs can impress though, and LG, in addition to TCL seem to have improved wildly this year."
False,"The statement provided does not address the reasons why employees leave Best Buy. Instead, it discusses the employee's experience with learning about memberships and assisting customers."," {
  ""relevant"": false,
  ""reason"": ""The statement provided does not address the reasons why employees leave Best Buy. Instead, it discusses the employee's experience with learning about memberships and assisting customers.""
}",What are the most common reasons for employees to leave Best Buy?,"Awesome! I've been trying to branch out and go down a rabbit hole whenever I can about whatever the customer might consider purchasing in the future, sometimes it's difficult because I'm still learning about memberships and what types of purchases apply best to them, and to the customer in front of me."
False,"The statement provided does not address the reasons why employees leave Best Buy. Instead, it discusses the hiring process at the company."," {
  ""relevant"": false,
  ""reason"": ""The statement provided does not address the reasons why employees leave Best Buy. Instead, it discusses the hiring process at the company.""
}",What are the most common reasons for employees to leave Best Buy?,"Probably should have added this context in your post.  There are no central recruiters and everything related  hiring is managed directly by the store.How long it takes depends on how busy the store is and how on top of things the hiring manager is. You may hear back in a few days, you may get an email in a month saying you didn‚Äôt get the job with no context, and anything in between."
False,The statement 'What was the big meeting about' is not relevant to the question 'What are the most common reasons for employees to leave Best Buy?' as it does not provide any information about employee turnover or reasons for leaving the company.," {
  ""relevant"": false,
  ""reason"": ""The statement 'What was the big meeting about' is not relevant to the question 'What are the most common reasons for employees to leave Best Buy?' as it does not provide any information about employee turnover or reasons for leaving the company.""
}",What are the most common reasons for employees to leave Best Buy?,What was the big meeting about
False,"The statement provided is not relevant to the question as it does not mention any reasons for employees leaving Best Buy. Instead, it seems to be a light-hearted comment from an employee."," {
  ""relevant"": false,
  ""reason"": ""The statement provided is not relevant to the question as it does not mention any reasons for employees leaving Best Buy. Instead, it seems to be a light-hearted comment from an employee.""
}",What are the most common reasons for employees to leave Best Buy?,^ this one did their own researchü§£ü§£ü§£
False,"The statement provided does not address the reasons why employees might leave Best Buy. It only mentions a 12-hour shift and normal pay, which are not directly related to employee turnover."," {
  ""relevant"": false,
  ""reason"": ""The statement provided does not address the reasons why employees might leave Best Buy. It only mentions a 12-hour shift and normal pay, which are not directly related to employee turnover.""
}",What are the most common reasons for employees to leave Best Buy?,12 hr shift here too. Normal pay man
False,The statement provided is not relevant to the question as it does not discuss reasons for employees leaving Best Buy.," {
  ""relevant"": false,
  ""reason"": ""The statement provided is not relevant to the question as it does not discuss reasons for employees leaving Best Buy.""
}",What are the most common reasons for employees to leave Best Buy?,Try a price match on the card. I know in my area Micro Center usually has a better price on graphics cards.
False,"The statement provided does not address the reasons why employees leave Best Buy. Instead, it directs the reader to a website and Discord server for further information on unionizing stores."," {
  ""relevant"": false,
  ""reason"": ""The statement provided does not address the reasons why employees leave Best Buy. Instead, it directs the reader to a website and Discord server for further information on unionizing stores.""
}",What are the most common reasons for employees to leave Best Buy?,"Let me direct your attention to the stickied posts, as well as  * the ""Links"" sidebar on the right side (desktop) * ""See more"" at the top of the subreddit, scroll down to ""Links"" (mobile app)  But basically, there is a website with info that is being updated, as well as a Discord where like-minded employees can go and get help with unionizing their stores."
False,The statement provided does not contain any information about the reasons for employees leaving Best Buy.," {
  ""relevant"": false,
  ""reason"": ""The statement provided does not contain any information about the reasons for employees leaving Best Buy.""
}",What are the most common reasons for employees to leave Best Buy?,It‚Äôs open season when I see a post from them here. üòà
False,"The statement provided does not address the reasons why employees leave Best Buy. Instead, it discusses the process of transferring to a new store within the company."," {
  ""relevant"": false,
  ""reason"": ""The statement provided does not address the reasons why employees leave Best Buy. Instead, it discusses the process of transferring to a new store within the company.""
}",What are the most common reasons for employees to leave Best Buy?,When I transferred my former GM and former C & D manager both reached out the GM of the store I wanted to transfer to. I also reached out the area marketplace director to introduce myself. I went from a video interview to immediately a job offer asking when I can start. Depending on which store needs what presents an opportunity
False,The provided statement is not relevant to the question as it does not mention any reasons for employees leaving Best Buy.," {
  ""relevant"": false,
  ""reason"": ""The provided statement is not relevant to the question as it does not mention any reasons for employees leaving Best Buy.""
}",What are the most common reasons for employees to leave Best Buy?,What the word
False,The statement provided does not address the reasons why employees leave Best Buy. It is a comment about an interaction between a customer and an employee but does not provide any information on the factors that lead to employee turnover.," {
  ""relevant"": false,
  ""reason"": ""The statement provided does not address the reasons why employees leave Best Buy. It is a comment about an interaction between a customer and an employee but does not provide any information on the factors that lead to employee turnover.""
}",What are the most common reasons for employees to leave Best Buy?,"It feels so rude. ""Whoo I don't wanna go out there it's cold, better make the employees in thin shirts come out and stand outside my car while my dog honks my horn climbing in my lap and I lose my curbside code and make them do ispu from outside :D"""
False,"The statement provided does not address the reasons why employees leave Best Buy. Instead, it discusses the duration of an application review process."," {
    ""relevant"": false,
    ""reason"": ""The statement provided does not address the reasons why employees leave Best Buy. Instead, it discusses the duration of an application review process.""
}",What are the most common reasons for employees to leave Best Buy?,12-day Application Review; What is the usual duration to receive a response for an application? I submitted one on Dec 15 and it is still under review. Is this unusual or do they take a long time to review?
False,The statement 'I support this ‚ù§Ô∏è' does not provide any information about the most common reasons for employees to leave Best Buy. It is a positive affirmation but lacks relevant details.," {
  ""relevant"": false,
  ""reason"": ""The statement 'I support this ‚ù§Ô∏è' does not provide any information about the most common reasons for employees to leave Best Buy. It is a positive affirmation but lacks relevant details.""
}",What are the most common reasons for employees to leave Best Buy?,I support this ‚ù§Ô∏è
False,"The statement provided does not address the reasons for employees leaving Best Buy. Instead, it focuses on manager bonuses and their relation to employee salaries."," {
  ""relevant"": false,
  ""reason"": ""The statement provided does not address the reasons for employees leaving Best Buy. Instead, it focuses on manager bonuses and their relation to employee salaries.""
}",What are the most common reasons for employees to leave Best Buy?,What are manager bonuses like? I‚Äôm certain they have to do with metrics but what percent of your salary is an added bonus?
False,"The statement does not directly address the reasons why employees leave Best Buy. Instead, it discusses the author's opinion on the company's anti-union stance and their belief that unions would be beneficial for employees."," {
  ""relevant"": false,
  ""reason"": ""The statement does not directly address the reasons why employees leave Best Buy. Instead, it discusses the author's opinion on the company's anti-union stance and their belief that unions would be beneficial for employees.""
}",What are the most common reasons for employees to leave Best Buy?,"Former employee here. Please unionize if possible. Someone needs to get the ball rolling but once it is people will hop in and push it. Corporate is making it obvious that unions would hurt them in a big way. That's why they go through the effort to control other subreddits and show an anti-union presentation. They know unions are the correct solution to their behaviour, now they're trying as hard as possible to make sure not enough people realize that soon enough to do something. This also may be part of why they're letting leaders go first (and pay ofc). They may be thinking they get rid of all the leaders, and see the rest as sheep that won't make moves to unionize without a leader."
False,"The statement provided does not address the reasons why employees leave Best Buy. Instead, it discusses store-specific availability of products based on manufacturer shipments and pre-orders."," {
  ""relevant"": false,
  ""reason"": ""The statement provided does not address the reasons why employees leave Best Buy. Instead, it discusses store-specific availability of products based on manufacturer shipments and pre-orders.""
}",What are the most common reasons for employees to leave Best Buy?,Will very by store. We may not even have any. Who knows. All depends on what Sony and Xbox sends vs pre orders.
True,"The statement mentions the employee feeling understaffed and discusses their concerns about the current staffing situation, which is relevant to the question."," {
  ""relevant"": true,
  ""reason"": ""The statement mentions the employee feeling understaffed and discusses their concerns about the current staffing situation, which is relevant to the question.""
}",Do employees feel understaffed?,"Absolutely. I had a talk with a leader last week about this, pointing out that we're running a bare minimum of staff who have to know and do more than ever before while being paid less than we were just two years ago."
False,The statement 'Are you an employee?' does not address whether employees feel understaffed or not. It is a question asking if the person responding is an employee.," {
  ""relevant"": false,
  ""reason"": ""The statement 'Are you an employee?' does not address whether employees feel understaffed or not. It is a question asking if the person responding is an employee.""
}",Do employees feel understaffed?,Are you an employee?
False,"The statement 'Yea, never the employees tho' does not provide any information about whether employees feel understaffed or not. It is unclear what the employee is referring to with 'never the employees', and it doesn't offer any insight into their feelings on staffing levels."," {
  ""relevant"": false,
  ""reason"": ""The statement 'Yea, never the employees tho' does not provide any information about whether employees feel understaffed or not. It is unclear what the employee is referring to with 'never the employees', and it doesn't offer any insight into their feelings on staffing levels.""
}",Do employees feel understaffed?,"Yea, never the employees tho"
False,The statement does not directly address whether employees feel understaffed or not. It only mentions a possible issue with management and the allocation of work hours.," {
  ""relevant"": false,
  ""reason"": ""The statement does not directly address whether employees feel understaffed or not. It only mentions a possible issue with management and the allocation of work hours.""
}",Do employees feel understaffed?,Sounds like you have. Horrible manager. No reason they are keeping the counts down and giving your part timers more hours and close to yours.
True,"The statement mentions that employees have to pick up the slack when staff is cut, which implies they feel understaffed."," {
    ""relevant"": true,
    ""reason"": ""The statement mentions that employees have to pick up the slack when staff is cut, which implies they feel understaffed.""
}",Do employees feel understaffed?,That‚Äôs what happens when they cut staff. Everyone else has to pick up the slack.  It is BS. Warehouse already has enough on their plate
True,"The statement mentions that the employee's store is planned to have its staff cut in half, which implies a potential feeling of being understaffed."," {
  ""relevant"": true,
  ""reason"": ""The statement mentions that the employee's store is planned to have its staff cut in half, which implies a potential feeling of being understaffed.""
}",Do employees feel understaffed?,Is it just sups? The store I work at is planned to get their staff cut in half.
False,"The statement does not directly address the question about whether employees feel understaffed. It mentions overworked and low hours, which could imply a feeling of being understaffed, but it also includes other factors like underpaid and good management that are not directly related to staffing levels."," {
  ""relevant"": false,
  ""reason"": ""The statement does not directly address the question about whether employees feel understaffed. It mentions overworked and low hours, which could imply a feeling of being understaffed, but it also includes other factors like underpaid and good management that are not directly related to staffing levels.""
}",Do employees feel understaffed?,Overworked + underpaid + low hours + good management (if u are lucky)
True,"The statement mentions that the sales floor is understaffed and employees are getting fewer hours than they need, which indicates that employees feel understaffed."," {
    ""relevant"": true,
    ""reason"": ""The statement mentions that the sales floor is understaffed and employees are getting fewer hours than they need, which indicates that employees feel understaffed.""
}",Do employees feel understaffed?,"As geeksquad I rerelease take lunch let alone breaks. But I‚Äôm definitely seeing the sales floor get hit with the, ‚Äú we have too many employees and not enough hours‚Äù while at the same time being severely understaffed in everything we do.most sales associates get 10ish hrs per week. Customers wait about 20 min to get helped. And what‚Äôs best is when they have geek squad at the register because they need ‚Äúhelp‚Äù and then yell at us for NPS sucking cause our work didn‚Äôt get done.  We all should be looking for new jobs."
True,"The statement mentions that there are more managers than sales associates on the shift, which implies a possible feeling of understaffing."," {
    ""relevant"": true,
    ""reason"": ""The statement mentions that there are more managers than sales associates on the shift, which implies a possible feeling of understaffing.""
}",Do employees feel understaffed?,"Typical day; It's frustrating to have more do nothing managers on my shift today (5) than we have people on the sales floor (4).  They spend their time talking amongst themselves, but heaven forbid you take 10 seconds to say hi to a coworker. I barely get time to take a breath between customers before I get orders barked at me- yet they coast through the day."
False,The statement does not directly address whether employees feel understaffed or not. It focuses on the behavior and attitude of some employees towards customers.," {
  ""relevant"": false,
  ""reason"": ""The statement does not directly address whether employees feel understaffed or not. It focuses on the behavior and attitude of some employees towards customers.""
}",Do employees feel understaffed?,"With the upmost respect, the employees are really easily replaceable, coming from a former employee. can't tell you how many times I've gotten no service at all while buying high ticket items.  Went in today for a $700 sound system. PCHO was a nightmare with these 18 year olds walking around laughing, cussing with each other and completely ignoring customers in the aisles. Couldn't tell you how many Edgars were there laughing it up in the middle of the department. Made it to home theater and Didn't get a care in the world while the employees stood around chatting with their thumbs up their ass. Left home theater with a ""do you need help?"" after I've already grabbed my item after looking all over for it. This after employees walked right on by. Waited till you saw you could tack on something right? Most of y'all are useless, and coming from a former employee, I was useless too. I embraced it and apparently so do a lot of employees too. Maybe it's karma but I didn't expect a raise for my shit work. Sorry but I don't feel too bad when the raises don't happen when the majority of the store is shit."
False,"The statement provided does not address the question about whether employees feel understaffed. Instead, it discusses stock levels and location."," {
  ""relevant"": false,
  ""reason"": ""The statement provided does not address the question about whether employees feel understaffed. Instead, it discusses stock levels and location.""
}",Do employees feel understaffed?,"How many was in stock?; I'm in hawaii. It's 6:45am. So I don't wait in line longer, how many 30x cards did your stores in the mainland get?"
False,The statement provided does not address the question about whether employees feel understaffed. It discusses a situation involving AP (asset protection) and returns but does not mention staffing levels or employee feelings.," {
  ""relevant"": false,
  ""reason"": ""The statement provided does not address the question about whether employees feel understaffed. It discusses a situation involving AP (asset protection) and returns but does not mention staffing levels or employee feelings.""
}",Do employees feel understaffed?,Sounds like when we had AP and people coming in and proclaiming they had a return.
False,The statement 'Got mine today.' does not provide any information about whether employees feel understaffed or not.," {
  ""relevant"": false,
  ""reason"": ""The statement 'Got mine today.' does not provide any information about whether employees feel understaffed or not.""
}",Do employees feel understaffed?,Got mine today.
False,The statement provided does not address the question about whether employees feel understaffed. It discusses taking cash tips from customers and having a positive interaction with them.," {
  ""relevant"": false,
  ""reason"": ""The statement provided does not address the question about whether employees feel understaffed. It discusses taking cash tips from customers and having a positive interaction with them.""
}",Do employees feel understaffed?,i take only cash tips from anyone thats not a senior citizen doing carry outs after a nice convo and sales are so nice and gives me faith in humanity
False,"The statement provided is about a Geek Squad logo polo shirt, which is not relevant to the question about whether employees feel understaffed."," {
  ""relevant"": false,
  ""reason"": ""The statement provided is about a Geek Squad logo polo shirt, which is not relevant to the question about whether employees feel understaffed.""
}",Do employees feel understaffed?,"Its orange, I ordered 2 for myself to test them out. The Geek Squad logo polo with the accent, its orange. They're thicker than the usual polos, and shiny if that makes sense."
False,The statement does not address whether employees feel understaffed or not. It only discusses how managers are incentivized to push memberships.," {
  ""relevant"": false,
  ""reason"": ""The statement does not address whether employees feel understaffed or not. It only discusses how managers are incentivized to push memberships.""
}",Do employees feel understaffed?,This is actually wildly incorrect. Managers are just as incentivized to push memberships as the line levels are.
False,The statement provided does not address the question of whether employees feel understaffed. It discusses scheduling and full-time hours but does not mention any feelings or opinions from employees.," {
    ""relevant"": false,
    ""reason"": ""The statement provided does not address the question of whether employees feel understaffed. It discusses scheduling and full-time hours but does not mention any feelings or opinions from employees.""
}",Do employees feel understaffed?,Did you go asking or was this new hire paperwork? I don‚Äôt remember where it is written down but full timers must be scheduled 32hours. If I have a chance to go looking today I can tell you. It may be because the law defines full timers as 32+ but not 100% sure. I just know it‚Äôs been a rule for decades
False,"The statement does not address the question about whether employees feel understaffed. Instead, it discusses a potential consequence of not meeting expectations and mentions an action plan."," {
  ""relevant"": false,
  ""reason"": ""The statement does not address the question about whether employees feel understaffed. Instead, it discusses a potential consequence of not meeting expectations and mentions an action plan.""
}",Do employees feel understaffed?,No it's not. You can be put on an action plan for not hitting your expectations..not just get tossed into part time. It's not how things work. It's an empty threat.
False,The statement does not address whether employees feel understaffed. It only mentions the number of hours worked by an employee last year.," {
  ""relevant"": false,
  ""reason"": ""The statement does not address whether employees feel understaffed. It only mentions the number of hours worked by an employee last year.""
}",Do employees feel understaffed?,Okay because last year I got pretty much 16 hours for whatever reason
False,The statement does not directly address whether employees feel understaffed or not. It only mentions that the employee heard a rumor about it and observed some behaviors from their current store's leaders.," {
  ""relevant"": false,
  ""reason"": ""The statement does not directly address whether employees feel understaffed or not. It only mentions that the employee heard a rumor about it and observed some behaviors from their current store's leaders.""
}",Do employees feel understaffed?,"Young aren't ya?  It's a saying, ""heard it through the grapevine"".  Basically it means I heard a rumor.  I heard this ""rumor"" from several different store level leaders in a market I used to work in. My current store's leaders are being very tight lipped. Albeit the news shows in their behaviors though. They've all been rather depressed looking lately."
False,"The statement provided does not address the question about whether employees feel understaffed. Instead, it discusses the relationship between OEM sales and Best Buy discounts."," {
  ""relevant"": false,
  ""reason"": ""The statement provided does not address the question about whether employees feel understaffed. Instead, it discusses the relationship between OEM sales and Best Buy discounts.""
}",Do employees feel understaffed?,"I think OP is saying that BEST BUY still makes the same margin on the lower, discounted offer.  So an OEM sale removes our best buy discount because.... why? The discount is provided buy best buy, the sale buy the OEM.  Even with 50% off items, employees should be getting a discount, because Best buy's margin doesn't change."
False,The provided statement does not contain any information about whether employees feel understaffed or not. It is unrelated to the question.," {
  ""relevant"": false,
  ""reason"": ""The provided statement does not contain any information about whether employees feel understaffed or not. It is unrelated to the question.""
}",Do employees feel understaffed?,[removed]
False,The statement does not directly address whether employees feel understaffed or not. It only mentions a personal experience of an employee feeling unfulfilled in their role due to changes in their job responsibilities.," {
  ""relevant"": false,
  ""reason"": ""The statement does not directly address whether employees feel understaffed or not. It only mentions a personal experience of an employee feeling unfulfilled in their role due to changes in their job responsibilities.""
}",Do employees feel understaffed?,"What‚Äôs the one thing that you despise more than anything else after all these changes?; Personally, the one thing the burns me more than anything else, is being a sales supervisor and getting stuck as front desk host/security for most of my days.   Makes me feel like I‚Äôm hardy being impactful for my team when I can‚Äôt be in the trenches with them."
False,The statement 'Ew lol' is not relevant to the question about whether employees feel understaffed. It does not contain any information or context related to staffing levels or employee sentiment.," {
  ""relevant"": false,
  ""reason"": ""The statement 'Ew lol' is not relevant to the question about whether employees feel understaffed. It does not contain any information or context related to staffing levels or employee sentiment.""
}",Do employees feel understaffed?,Ew lol
False,The statement does not address the question about whether employees feel understaffed. It only mentions that the employee is on a leave of absence and can access certain systems.," {
  ""relevant"": false,
  ""reason"": ""The statement does not address the question about whether employees feel understaffed. It only mentions that the employee is on a leave of absence and can access certain systems.""
}",Do employees feel understaffed?,"I'm on an leave of absence and I can access BBY connect, TLC and even learning network lmao"
False,"The statement does not address whether employees feel understaffed or not. Instead, it seems to be a response to an unrelated question about inappropriate customer inquiries."," {
  ""relevant"": false,
  ""reason"": ""The statement does not address whether employees feel understaffed or not. Instead, it seems to be a response to an unrelated question about inappropriate customer inquiries.""
}",Do employees feel understaffed?,It still stands that this is not the stop for customers to ask their asinine questions
False,"The statement provided does not address whether employees feel understaffed or not. It discusses pay rates at Lowe's and Target, the importance of not staying too long in one job, and advice on how to improve one's chances of getting a better job."," {
  ""relevant"": false,
  ""reason"": ""The statement provided does not address whether employees feel understaffed or not. It discusses pay rates at Lowe's and Target, the importance of not staying too long in one job, and advice on how to improve one's chances of getting a better job.""
}",Do employees feel understaffed?,"If you must stay in retail for supervisor pay, go to Lowe's or Target. Made $26 at Lowe's and started at $27.50 in Target. If you are chasing the ladder, I wouldn't stay anywhere more than a year. Especially if you see someone else get picked over you, it's just not worth your life trying to impress one company. Go fluff up your resume and get out there to apply.  Learn some jargon/verbage of the company before you interview and go get your money."
False,The statement provided does not address whether employees feel understaffed or not. It only discusses the demographics and leadership composition of the store.," {
  ""relevant"": false,
  ""reason"": ""The statement provided does not address whether employees feel understaffed or not. It only discusses the demographics and leadership composition of the store.""
}",Do employees feel understaffed?,"Interesting...my store is primarily African American females in most roles. There are Caucasian, Hispanic and a wide mix of everything else in the store but leadership is primarily female and African American. I will say our diversity is something I appreciate in my store all the other issues are a horse of a different color."
False,The statement 'The employee app' does not provide any information about whether employees feel understaffed or not.," {
  ""relevant"": false,
  ""reason"": ""The statement 'The employee app' does not provide any information about whether employees feel understaffed or not.""
}",Do employees feel understaffed?,The employee app.
False,The statement provided does not address whether employees feel understaffed. It is about learning something called 'shir'.," {
  ""relevant"": false,
  ""reason"": ""The statement provided does not address whether employees feel understaffed. It is about learning something called 'shir'.""
}",Do employees feel understaffed?,Yeah thats the main way to learn shir
False,The statement provided does not address the question about whether employees feel understaffed. It discusses legal implications of working less than 30 minutes a week but does not mention any feelings or opinions from employees.," {
    ""relevant"": false,
    ""reason"": ""The statement provided does not address the question about whether employees feel understaffed. It discusses legal implications of working less than 30 minutes a week but does not mention any feelings or opinions from employees.""
}",Do employees feel understaffed?,"Legally speaking, if they're worked less then 30 mintues a week he may have a civil suit on his hands worth millions"
False,The statement provided does not address the question of whether employees feel understaffed or not.," {
  ""relevant"": false,
  ""reason"": ""The statement provided does not address the question of whether employees feel understaffed or not.""
}",Do employees feel understaffed?,But if op needs experience ya can't blame them for doing it. Don't tell people about your intentions long term when applying.
False,The statement provided does not address whether employees feel understaffed. It is a general offer of assistance and does not contain any information about the employee's feelings or experiences related to staffing levels.," {
  ""relevant"": false,
  ""reason"": ""The statement provided does not address whether employees feel understaffed. It is a general offer of assistance and does not contain any information about the employee's feelings or experiences related to staffing levels.""
}",Do employees feel understaffed?,If you ever need anything or questions feel free to message me
False,The statement does not address the question about whether employees feel understaffed. It discusses coping strategies for dealing with stress at work but does not mention staffing levels.," {
  ""relevant"": false,
  ""reason"": ""The statement does not address the question about whether employees feel understaffed. It discusses coping strategies for dealing with stress at work but does not mention staffing levels.""
}",Do employees feel understaffed?,"I honestly think just grin and bare, or maybe hide out as product flow for a bit (million times less stress). As long as it isn‚Äôt following you home and affecting school or personal time, I think it‚Äôs worth keeping till you find something to replace."
False,The statement 'Nah' does not provide any information about whether employees feel understaffed or not. It is a simple negative response without any context or explanation.," {
  ""relevant"": false,
  ""reason"": ""The statement 'Nah' does not provide any information about whether employees feel understaffed or not. It is a simple negative response without any context or explanation.""
}",Do employees feel understaffed?,Nah
False,"The statement provided does not address whether employees feel understaffed or not. Instead, it discusses a company's promotional strategy and the availability of loaner devices for full-time employees."," {
    ""relevant"": false,
    ""reason"": ""The statement provided does not address whether employees feel understaffed or not. Instead, it discusses a company's promotional strategy and the availability of loaner devices for full-time employees.""
}",Do employees feel understaffed?,"Still insane to me they don‚Äôt do an annual 75% off coupon for Apple Pros. The loaner device is nice but since they opened that up to all full timers it‚Äôs kind of even lamer than it was before‚Ä¶  Edit: and yes, I heard about the MacBook Air. It‚Äôs legit."
False,The statement provided is not relevant to the question about whether employees feel understaffed. It discusses a personal issue with a refund denial and a potential scam involving a laptop purchase.," {
    ""relevant"": false,
    ""reason"": ""The statement provided is not relevant to the question about whether employees feel understaffed. It discusses a personal issue with a refund denial and a potential scam involving a laptop purchase.""
}",Do employees feel understaffed?,"Hope you all can help - being denied refund; Hi,  Not  sure what to do. I spent $1500 on a laptop last week. Got it home and  it would not start. A simple light slowly going on and off but would not  boot. I requested a refund and sent it in. Got an email stating the  refund would not be issued due. Later, found out the denail was due to  the laptop not being the original laptop I bought.  I assume someone shady bought it and switched it out.  What is my recourse? How often does this happen?"
False,"The statement does not address whether employees feel understaffed. Instead, it discusses a new hire's experience with paperwork and communication with their manager."," {
  ""relevant"": false,
  ""reason"": ""The statement does not address whether employees feel understaffed. Instead, it discusses a new hire's experience with paperwork and communication with their manager.""
}",Do employees feel understaffed?,New hire that still needs to receive paperwork.; I was offered a position at by local Best Buy last Friday right after my second interview. The manager said I needed to fill out some e-forms but I have not yet received them. Do I wait until HR sends me them or should I contact the manager about them?
False,"The statement does not directly address whether employees feel understaffed. It mentions turnover and the absence of a dedicated Ops leader, but it doesn't explicitly state that employees feel understaffed."," {
  ""relevant"": false,
  ""reason"": ""The statement does not directly address whether employees feel understaffed. It mentions turnover and the absence of a dedicated Ops leader, but it doesn't explicitly state that employees feel understaffed.""
}",Do employees feel understaffed?,"Love this!!!  My team was the same although since I left I am told it's no longer like that. But as many of you have probably experienced, there has been a lot of turnover and without a dedicated Ops leader it's hard on those teams. Great Ops teams will make or break the sales team. As a former sales and operations leader, you can't convince me otherwise"
False,The statement does not address whether employees feel understaffed or not. It only emphasizes that HR's role is to protect the company.," {
  ""relevant"": false,
  ""reason"": ""The statement does not address whether employees feel understaffed or not. It only emphasizes that HR's role is to protect the company.""
}",Do employees feel understaffed?,"Always remember, HR is here to protect the company"
