,aware_post_type,reddit_id,reddit_name,reddit_link_id,reddit_parent_id,reddit_submission,statement,Question 1,Question 2,Question 3
1181,submission,pnr0ls,t3_pnr0ls,,,,How bad are the Best Buy in North Carolina(or east coast in general)?. I‚Äôm thinking about moving from California to North Carolina to be closer to my family. I‚Äôm already tired of a lot of things here and think it‚Äôs every Best Buy in general but I do love the store and so part of me feels like I should give it a try there. Should I transfer or honestly just start new? Im torn because of the discount and the minimum wage in North Carolina is way less than Best Buy pays.,1,0,1
1184,comment,hcreovx,t1_hcreovx,t3_pnr0ls,t3_pnr0ls,pnr0ls,Company wide our minimum wage is $15/hr now I believe. Not sure if they do any adjustments when you transfer but unless you‚Äôre almost topped out I wouldn‚Äôt expect your pay to change significantly.,0,0,0
1182,comment,hcrl8s2,t1_hcrl8s2,t3_pnr0ls,t3_pnr0ls,pnr0ls,I always think it‚Äôs best to transfer. This way you have a job waiting for you when you get there. If your not happy when there you can always find a new job.,0,0,0
1183,comment,hcrz61g,t1_hcrz61g,t3_pnr0ls,t3_pnr0ls,pnr0ls,I have a friend who works for bestbuy in NC. It‚Äôs the same all around the US,1,1,1
4997,submission,1afm8j1,t3_1afm8j1,,,,"Next layoffs will hit. 

[View Poll](https://www.reddit.com/poll/1afm8j1)",0,0,0
4998,comment,kob4j2c,t1_kob4j2c,t3_1afm8j1,t3_1afm8j1,1afm8j1,"Greedy, greedy company. And corp pay will increase, itll be 1 employee in the whole store all day, talk about stress",1,1,1
1494,submission,khxev9,t3_khxev9,,,,Are we getting paid early. Yo are we getting paid early for Christmas this year or naw,0,0,0
1495,comment,ggplca3,t1_ggplca3,t3_khxev9,t3_khxev9,khxev9,last year we got paid on the 27th which was a friday. being that christmas lands on a friday this year i would say yes!,0,0,0
1496,comment,ggr7fx5,t1_ggr7fx5,t3_khxev9,t3_khxev9,khxev9,Our store wont. We got paid last week,0,0,0
1497,comment,ggrsuk0,t1_ggrsuk0,t3_khxev9,t3_khxev9,khxev9,We got paid last Friday. If you‚Äôre in a location with an alternate pay schedule I‚Äôd expect it to post early or on Friday as normal. It‚Äôs all electronic and submitted usually on Tuesday.,0,0,0
1914,submission,12ukjb7,t3_12ukjb7,,,,Maybe injured?. I was taking down a heavy item from a top shelf and I‚Äôm pretty sure I hurt my back. What do I do?,0,0,0
1915,comment,jh7d7uq,t1_jh7d7uq,t3_12ukjb7,t3_12ukjb7,12ukjb7,Immediately inform a manager and go to the doctor,0,0,0
1931,comment,jhinc6n,t1_jhinc6n,t3_12ukjb7,t1_jh7d7uq,12ukjb7,"Make sure the manager fills out an incident form. 

Then go to a doctor.

Make sure the doc does thorough testing to determine if the damage is permanent or not.

Take it from me, I hurt my back on the salesfloor back when we used to sell Sony WEGA TVs. The company will try every which way to avoid admitting blame and $$$ you may be entitled to.

Get everything in writing!",0,0,0
1936,comment,jhod15g,t1_jhod15g,t3_12ukjb7,t1_jhinc6n,12ukjb7,Yea my manager said I first need to go to the doctor on my own and then he‚Äôll fill the accident form with a doctors note,0,0,0
1066,submission,qqysf1,t3_qqysf1,,,,"How do I find out a company's target demographic?. I want to be able to sell people the things they'll need, and the specs of the items on the app aren't the most helpful for that. For example, I'm researching headphones. Everyone's needs are different. What would I offer to an audiophile with 3 young kids? Or what about a sports enthusiast who likes music too? This is the information we should be given, I don't know what to sell people!",0,0,0
1067,comment,hk5idfy,t1_hk5idfy,t3_qqysf1,t3_qqysf1,qqysf1,"Unfortunately the training on headphones in particular is provided by the manufacturers and they do very little to compare themselves to other manufacturers, just to products within their own lineup (and sometimes they barely do this as well).

Your best bet, short of finding someone in your store you can ask (like a designer/in home advisor, or someone known for being zoned in that area), is to read online review sites from credible-ish sources that typically offer reviews of multiple brands as ‚Äúbest of‚Äù articles. 

That being said, for the person you described there are high end professional headphones that run $600-700+, though you don‚Äôt mention the significance of the three kids. Are they trying to tune out distractions from the kids? You‚Äôd want something with ANC then, like the Sony WH-1000XM4 or AirPods Max. There may be pro level sets with ANC but I suspect that‚Äôs not a common feature for audiophile purists.",0,0,0
1388,submission,lu2yq7,t3_lu2yq7,,,,"This was from over a year ago, but it is how we should respond to the layoffs! Workers unite!. ",1,0,1
1389,comment,gp4syyf,t1_gp4syyf,t3_lu2yq7,t3_lu2yq7,lu2yq7,"Legitimately, stuff like this is why Best Buy employees need to unionize.",1,1,1
1390,comment,gp8jwlz,t1_gp8jwlz,t3_lu2yq7,t3_lu2yq7,lu2yq7,"The worst part about them was that they did it just so our earning reports wouldn‚Äôt look as bad as they actually are, sadly this is one of the first signs of a dying business is making extreme cuts and to appease the stockholders and now they‚Äôre giving us a bonus as if they didn‚Äôt lay off plenty of people I consider family in my store.",1,0,1
1392,comment,gp99exz,t1_gp99exz,t3_lu2yq7,t1_gp8jwlz,lu2yq7,You must be fairly new to Best Buy. 8 year vet. I wish I woulda been cut. I woulda taken that severance,1,1,1
1393,comment,gph5o1w,t1_gph5o1w,t3_lu2yq7,t1_gp99exz,lu2yq7,"You know, it is really odd that they didn't try a different way of doing cuts.  In your situation it seems that they might have been able to avoid some amount of vitriol if they would've just asked people if they would be down to walk away.  Like maybe have a month or two where people could be given info on severance or choosing to change to part-time.  You and others that were wanting/needing to leave would have the chance to do so.  Not sure how many would choose to just leave or change to PT, but would've meant less people would've been purged without warning.  In my department we had at least one guy that was actively wanting to be fired for some reason.  So instead of him just no call no showing and truly fucking us over schedule/appointment wise.  He could've just bounced in a way that actually removed him from our stuff.  Purge might not have been avoided, but maybe it would've.  There are always people that are FT that are getting a FT job somewhere else, but still want to stay on as PT while starting the new job.  Would be kinda win win for some amount of employees.",0,0,0
1391,comment,h20efdv,t1_h20efdv,t3_lu2yq7,t3_lu2yq7,lu2yq7,All of the companies/factories that moved to Mexico are doing to them what they did to America in the 60-70's. The workers have become to expensive for their liking so now they will move all of these businesses to the next poor country they can exploit. It will keep happening like this until we stop the cycle.,0,0,0
5484,submission,1b3q8pk,t3_1b3q8pk,,,,"So Best Buy fucked another preorder rollout . Anyone else notice how bad the roll out for the new Final Fantasy went everyone who pre-ordered should have gotten a steel book my store they sent us 50 copies and three steel books and online almost all the reviews are the same ""I pre-ordered and they didn't give me my steel book"" when will people learn don't fucking preorder anything from Best buy I work here and I won't do it even with a discount ",0,0,1
5485,comment,ksu4h1r,t1_ksu4h1r,t3_1b3q8pk,t3_1b3q8pk,1b3q8pk,The manufacturer never sent enough. Nothing to do with best buy,1,0,0
5486,comment,ksuj7w7,t1_ksuj7w7,t3_1b3q8pk,t3_1b3q8pk,1b3q8pk,about half the employees in my including our MOD store were ready to hand copies out on WEDNESDAY. Sometimes it feels like only product flow check street dates?,0,0,0
5491,comment,ksuw99r,t1_ksuw99r,t3_1b3q8pk,t1_ksuj7w7,1b3q8pk,Lmaaaoooo if that ain‚Äôt fucking true,0,0,0
5489,comment,ksv1jqh,t1_ksv1jqh,t3_1b3q8pk,t3_1b3q8pk,1b3q8pk,Excuse me this seems to have a dent in it..,0,0,0
5488,comment,ksv5tmp,t1_ksv5tmp,t3_1b3q8pk,t3_1b3q8pk,1b3q8pk,"Wait, they‚Äôre stores that actually check the preorder bonuses and pass them out?",0,0,0
5487,comment,ksv81q5,t1_ksv81q5,t3_1b3q8pk,t3_1b3q8pk,1b3q8pk,"The steel book is a free gift ""while supplies last"" so it's not a guarantee, even if it's listed on the other. That said, sometimes the steel books arrive separately from the game and will be fulfilled at a later date when they arrive.",0,0,0
5490,comment,ksvswwi,t1_ksvswwi,t3_1b3q8pk,t3_1b3q8pk,1b3q8pk,Funnily enough I pre ordered early last month and they added the steel book on a week later.  I just got my steel book today. No idea why it came through a day later but oh well I‚Äôll take it lol,0,0,0
539,submission,xj7tu0,t3_xj7tu0,,,,Employee discount. Do Best Buy employees get discounts on open box TV‚Äôs?,0,0,0
540,comment,ip73toj,t1_ip73toj,t3_xj7tu0,t3_xj7tu0,xj7tu0,Geeksquad is allowed to mark that tv to ‚Äúfair‚Äù condition if an employee wants to buy it to give them extra discount on it,0,0,0
543,comment,ip7khy4,t1_ip7khy4,t3_xj7tu0,t1_ip73toj,xj7tu0,Last year we had a few employees fired for doing this. I‚Äôd say just don‚Äôt make it obvious and don‚Äôt do it often.,0,0,0
541,comment,ip7nss3,t1_ip7nss3,t3_xj7tu0,t3_xj7tu0,xj7tu0,The short answer is no. There is no official discounts on open box items.,0,0,0
544,comment,ip9u71a,t1_ip9u71a,t3_xj7tu0,t1_ip73toj,xj7tu0,"Yeah, I‚Äôd be careful with that. Definitely something that should be used sparingly and with a delay between when something is marked down and when it‚Äôs purchased so it‚Äôs not obvious.",0,0,0
542,comment,itz81ws,t1_itz81ws,t3_xj7tu0,t3_xj7tu0,xj7tu0,What‚Äôs the discount on non open box?,0,0,0
1468,submission,ktqdd1,t3_ktqdd1,,,,Geeksquad plan. Hello if anyone at here works at Best Buy can they tell me what I can damage for my geeksquad plan? I bought a 3 year plan for a 1300$ computer and the plan was 269 for 3 years. If I don‚Äôt use it can someone tell me some sort of scam I can do to get a store credit towards a new one. The employees told me I can do that.,0,0,0
1469,comment,gintys4,t1_gintys4,t3_ktqdd1,t3_ktqdd1,ktqdd1,Computers are far more difficult to get a payout for. They must be sent out for repair rather than a payout and fall under the lemon policy where it can be sent out up to 3 times for the same problem before considering a junk out/pay out. The device would have to be far beyond repair and not cost effective to be considered a junk out on the first trip. Read the terms of the protection policy closely because the device is only covered under normal use so claiming it fell out of your monster truck and smashed into unimaginable amounts of pieces would not be covered. Also keep in mind the repair process can take weeks per trip depending on how busy it is,0,0,0
4999,submission,1aezxl0,t3_1aezxl0,,,,Launch day tomorrow. Have fun. If you know you know.,0,0,0
5004,comment,kkbk8u8,t1_kkbk8u8,t3_1aezxl0,t3_1aezxl0,1aezxl0,Here for the sauce,0,0,0
5008,comment,kkbkdxl,t1_kkbkdxl,t3_1aezxl0,t3_1aezxl0,1aezxl0,Launch for what?,0,0,0
5006,comment,kkbl8uv,t1_kkbl8uv,t3_1aezxl0,t3_1aezxl0,1aezxl0,Bro is loosing it,0,0,0
5007,comment,kkblftl,t1_kkblftl,t3_1aezxl0,t3_1aezxl0,1aezxl0,Samsung?,0,0,0
5000,comment,kkblqao,t1_kkblqao,t3_1aezxl0,t3_1aezxl0,1aezxl0,I love how BB is like fuck off Samsung. You don‚Äôt get to esim activate in CB,0,0,0
5014,comment,kkbluob,t1_kkbluob,t3_1aezxl0,t1_kkbkdxl,1aezxl0,^ Samsung still launches phones.,0,0,0
5001,comment,kkbxihm,t1_kkbxihm,t3_1aezxl0,t3_1aezxl0,1aezxl0,We didn‚Äôt even get the real demos to put on the Samsung Experience table lol just the dummy‚Äôs for the unlocked wall,0,0,0
5002,comment,kkby7f1,t1_kkby7f1,t3_1aezxl0,t3_1aezxl0,1aezxl0,Wish me luck (Verizon VPL),0,0,0
5005,comment,kkca38w,t1_kkca38w,t3_1aezxl0,t3_1aezxl0,1aezxl0,"If Best Buy sold the newest unlocked iPhone it would be bananas. Samsung phones, the launch days aren‚Äôt all that. Not to hate on Samsung, just the reality of it.",0,0,0
5017,comment,kkcaq5a,t1_kkcaq5a,t3_1aezxl0,t1_kkbluob,1aezxl0,Because they actually come out with new stuff.,0,0,1
5018,comment,kkcfq7e,t1_kkcfq7e,t3_1aezxl0,t1_kkcaq5a,1aezxl0,Hahahaha,0,0,0
5003,comment,ko83w95,t1_ko83w95,t3_1aezxl0,t3_1aezxl0,1aezxl0,Bro we lost power and then our truck shipment cancelled so it's gonna be such an interesting launch. 40 pre orders now on delay :),0,0,0
5009,comment,ko8d704,t1_ko8d704,t3_1aezxl0,t3_1aezxl0,1aezxl0,Has any store seen any OnePlus 12 pre-orders? Just curious. I'm about to pre-order it tomorrow,0,0,0
5013,comment,ko8ivt0,t1_ko8ivt0,t3_1aezxl0,t1_kkca38w,1aezxl0,So many pre orders,1,0,0
5011,comment,ko8llrv,t1_ko8llrv,t3_1aezxl0,t1_kkby7f1,1aezxl0,They doing the any condition trade ins for it or just regular promos (I hate samsung I pity Verizon VPLs),0,0,0
5010,comment,ko8nt3k,t1_ko8nt3k,t3_1aezxl0,t1_kkblqao,1aezxl0,I actually prefer physical sim. So many headaches when dealing with e-sim.,0,0,0
5015,comment,ko96tom,t1_ko96tom,t3_1aezxl0,t1_ko8llrv,1aezxl0,Any conidition trades are all year round. We might be giving additional credit but I have no info.,0,0,0
5016,comment,ko9raiy,t1_ko9raiy,t3_1aezxl0,t1_ko8ivt0,1aezxl0,How many is so many?,0,0,0
5012,comment,koay8tu,t1_koay8tu,t3_1aezxl0,t1_ko83w95,1aezxl0,RIP,0,0,0
1319,submission,mxjjiu,t3_mxjjiu,,,,I Use To Work At Superior Purchases. ,0,0,0
1320,comment,gvpy01g,t1_gvpy01g,t3_mxjjiu,t3_mxjjiu,mxjjiu,Happy birthday your nephew!! üéâ,0,0,0
1321,comment,gvq68mc,t1_gvq68mc,t3_mxjjiu,t1_gvpy01g,mxjjiu,"he will appreciate that, thank you! make sure to subscribe for more!",0,0,0
907,submission,tdejak,t3_tdejak,,,,Painfully accurate. ,0,0,1
908,comment,i0jryxy,t1_i0jryxy,t3_tdejak,t3_tdejak,tdejak,"Lmfao I run customer service and curbside by myself half the time cuz we don‚Äôt have enough people due to callouts and I really got pulled aside and in trouble for not selling enough memberships. They didn‚Äôt care when I explained to them why. It‚Äôs also funny because I‚Äôm number 3 in my whole department for sales metrics despite the fact i am literally running multiple parts of the front end department by myself for all of or the the majority of the day most days. Like dude when there‚Äôs consistently a line of 20-30 people across customer service and curbside not gunna sit there and do my sales pitch for each and every person. This job is a joke. I make 25-35 an hour at my second job and I just figure I‚Äôll move to Target cuz it‚Äôs down the street from Best Buy and starts at 24-25 an hour. Fuck this joint, the discount is not worth all the bullshit of being there",1,1,1
5121,submission,1ajpb61,t3_1ajpb61,,,,"BestBuy Video Interview Issues. So I just did the video interview for BestBuy, but I feel like the website was glitching. I saw the video saying to keep a lookout with regards to my email but after that I clicked the next section button and it just goes back to the camera and audio setup. It then takes me to the ending video again. Did my video interview go through? Does anyone know about this?",0,0,0
1735,submission,itpfzm,t3_itpfzm,,,,"So, Best Buy is being outdone by... Hobby Lobby?. I know, very different retailers, but it‚Äôs still discouraging to know you can quit Best Buy and get paid more if you get hired at Hobby Lobby. And you‚Äôd always get Sunday off (which, if you‚Äôre not religious, means you‚Äôd never miss any Sunday football games)..

[Hobby Lobby to raise minimum wage to $17 an hour for full-time workers starting Oct. 1](https://www.usatoday.com/story/money/2020/09/14/hobby-lobby-minimum-hourly-wage-increasing-october/5798782002/)",0,1,0
1736,comment,g5hw699,t1_g5hw699,t3_itpfzm,t3_itpfzm,itpfzm,As someone who has applied and interviewed with hobby lobby in the last 5 years: they don‚Äôt hire anyone in at full time unless you are a manager. They also have always paid more because they don‚Äôt provide health insurance due to their religious views.,0,0,0
1737,comment,g5is5c7,t1_g5is5c7,t3_itpfzm,t1_g5hw699,itpfzm,"Ahh, well that explains it. I know they used to offer medical but then there was that Supreme Court ruling, I guess I hadn‚Äôt heard they stopped providing it.",0,0,0
219,submission,10d2uum,t3_10d2uum,,,,"VPL SOP means nothing to leadership. I became the LG HT VPL for my store back in October. Since then, I‚Äôve been treated like just another advisor, along with my Sony and Samsung VPLs who also got promoted in October. I understand that help is needed through the store in other departments but my issue is that leadership sees it as an ‚Äúexpectation‚Äù that we flex to help. SOP clearly states that VPLs cannot be used as coverage for other departments. ‚ÄúBuT wE‚ÄôrE nOt HiTtInG gOaLs‚Äù Okay? That doesn‚Äôt mean they can just ignore policy. When it was brought up that we weren‚Äôt happy about SOP being ignored, they basically told us to deal with it. But when it came to me taking an hour lunch rather than 45 minutes, guess what I was told? SOP clearly states we are only allowed 45 minutes. Funny how SOP only matters when it benefits the leaders and not the employees that the leaders have to rely on in the first place to even help make them look good. I applied for this position so that I could have specific responsibilities and I haven‚Äôt been able to do them. My vendor pad is basically an afterthought. And when I take it upon myself to follow SOP and stay in my department, I become the bad guy.",1,0,1
221,comment,j4jgh4w,t1_j4jgh4w,t3_10d2uum,t3_10d2uum,10d2uum,You need to get solid proof and take it to HR. No other way. Make sure you send copies of everything including the SOP.,0,0,0
222,comment,j4lawkg,t1_j4lawkg,t3_10d2uum,t3_10d2uum,10d2uum,"My store does that exact same thing with me and my other mobile VPLs. We had 2 Verizon VPLs, 1 tmobile and 1 at&t but they cut the tmobile role and will be cutting the at&t one on the 29th. My at&t rep always tries to bring up SOP on that and their argument was that you cant just sit in mobile and wait for customers to come to you, you have to meet customers in other departments and convince them they need a new phone or carrier etc. Then wanna wonder why they keep having non VPL employees doing activations and other mobile transactions. Which leads to loss for the store cause they were never actually trained in mobile well and make mistakes.",0,0,0
226,comment,j4lb7yp,t1_j4lb7yp,t3_10d2uum,t1_j4lawkg,10d2uum,"We also have 2 Verizon VPLs, one of them stays in mobile and the other is always helping with truck, which sop also says VPLs aren‚Äôt supposed to do",0,0,0
228,comment,j4lemte,t1_j4lemte,t3_10d2uum,t1_j4lb7yp,10d2uum,Yeah they literally tell us every truck day to help with it. And im literally also practically assigned the mobile totes by the ASM who used to be my mobile manager.,1,0,0
229,comment,j4lfyin,t1_j4lfyin,t3_10d2uum,t1_j4lemte,10d2uum,"And like I said, I understand that help is needed in other departments but it technically isn‚Äôt our problem due to our titles. I still wouldn‚Äôt mind helping out my peers but when the leaders make it seem like it‚Äôs still my actual responsibility to flex over, that‚Äôs my issue. I can literally refuse to go help and say no if I want to. And they also always say if you‚Äôre not with a customer, you need to be putting totes away, like no, I don‚Äôt need to be.",1,0,0
220,comment,j4m9jsk,t1_j4m9jsk,t3_10d2uum,t3_10d2uum,10d2uum,"They‚Äôre doing the same thing at my store. My Verizon VPL pulled SOP on them and refused to move around, eventually he quit because he got tired of the BS. 

This is Best Buy under Corie Barry: overworked and paid barely the same (actually less if you adjust for inflation), covering areas of the store they‚Äôve run with a skeleton crew if they staff it at all (looking at you SPU and CS; one person calls out and suddenly we‚Äôre throwing salespeople up there). And speaking of sales, even with VPL ‚Äúflexing‚Äù around the store we‚Äôre still getting holes stared through us by impatient customers because two advisors called out.

I‚Äôve been here a long time and I know the post holidays labor cuts are normal but we haven‚Äôt even dropped our seasonals yet and we‚Äôre already short staffed. The situation now is definitely worse than pre-COVID.",1,1,1
224,comment,j4or4g7,t1_j4or4g7,t3_10d2uum,t1_j4m9jsk,10d2uum,"I actually was the vpl for Lg at my store an they did the same thing to me, eventually I put my two weeks In an left before Black Friday",1,1,0
223,comment,j61rt6m,t1_j61rt6m,t3_10d2uum,t3_10d2uum,10d2uum,Coming from a former VPL and supervisor. Yeah they don‚Äôt give a fuck about VPL SOP.,0,0,0
227,comment,j61sziu,t1_j61sziu,t3_10d2uum,t1_j61rt6m,10d2uum,Yeah I‚Äôm putting my 2 weeks in tomorrow,1,1,0
225,comment,j88opy1,t1_j88opy1,t3_10d2uum,t1_j4jgh4w,10d2uum,"They don't care anymore.   Before I left I was the Microsoft VPL, held that position for 6 years, and was told that VPL doesn't matter and that your brand scorecard is worth nothing as only the stores scorecard counts.",0,1,1
2849,submission,15bql24,t3_15bql24,,,,"open box item prices. fairly new to product flow but besides having an item at the lowest condition before it gets shipped out to prc or service, do prices still drop lower given it goes on an openbox sale or something? keep seeing people claiming to get open box discount steals of more than 50% off, have even had carryouts for open box TVs at such a drastically reduced price, while $400 is the max i‚Äôve seen the system knock off an item",0,0,0
1808,submission,g9ackt,t3_g9ackt,,,,"Approval emails for hardship fund relief. Emails began going out this morning. I just received mine about 20 minutes ago. The actual e-check should come in the next 3 days. I am FT but a friend was PT and got theirs too. Make sure to check your spam/junk mail!!

Edit: a word",0,0,0
1809,comment,fosg1fp,t1_fosg1fp,t3_g9ackt,t3_g9ackt,g9ackt,I have not received any email yet. FT for 4 years from Texas. Making me nervous about it all. I got mine in around 10:30ish when the app was open,0,0,0
1810,comment,foshsqn,t1_foshsqn,t3_g9ackt,t1_fosg1fp,g9ackt,I got mine in within 12 minutes of it opening. I guess some people got applications in like 30-40 minutes before the actual scheduled opening which seems like a really unfair thing to do.,0,0,0
3926,submission,17rvtb2,t3_17rvtb2,,,,Happens all the timeüòµ‚Äçüí´. ,0,0,0
3927,comment,k8lvd4o,t1_k8lvd4o,t3_17rvtb2,t3_17rvtb2,17rvtb2,"Sad thing is the numbers don't really work in our favor, at least short term.",1,0,0
3928,comment,k8m97vp,t1_k8m97vp,t3_17rvtb2,t3_17rvtb2,17rvtb2,It‚Äôs sad but so true‚Ä¶my store is loosing veteran employees and the new people can‚Äôt keep up,1,1,1
3929,comment,k8mhn5y,t1_k8mhn5y,t3_17rvtb2,t3_17rvtb2,17rvtb2,Yup.,0,0,0
3930,comment,k8n1a6s,t1_k8n1a6s,t3_17rvtb2,t3_17rvtb2,17rvtb2,"That's only if the goal is to be around forever and enrich communities by having a strong store. The reality is that the people who run these big stores now are just running them into the ground while fleecing as much profit off it as they can. The endgame isn't to be around forever, it's for the owners to make as much money as possible so they're not around when you go looking for whoever ruined the economy.",0,0,0
1215,submission,p5w70t,t3_p5w70t,,,,Seriously‚Ä¶. ,0,0,0
3206,submission,16agd8r,t3_16agd8r,,,,Do we have Google Fi Accommodations?. Do we have any additional savings for Google Fi plans? Like we had one with T-Moblie and the ones we now have with Verizon and AT&T,0,0,0
3207,comment,jz81be6,t1_jz81be6,t3_16agd8r,t3_16agd8r,16agd8r,"She google fi is too expensive

You may have to ask yourself some hard questions",0,0,0
2824,submission,159k65p,t3_159k65p,,,,"Is it ok if I email my GM about transferring?. I've only been here for 1.5 months, part time. Only a couple shifts, but my training is done. I'm in sales but haven't sold a membership yet, still working on that. Anyways, I wanted to transfer to a different location because I moved recently. My current store is 20km away but there is a much closer one to me that's only 5km in my town. I spoke with the floor manager and she said to talk to the GM about it. The GM wasn't on during my shift though. I work next week Wednesday. There is a job posting currently for the sales associate role in the place I want to transfer to. I don't want to lose my chance at this position. (I applied but it got declined right away saying I just use the internal process). But it's not showing up internally (probably because it's an entry level position). Anyways, can I email my GM about this? I know it can come off as unprofessional or disrespectful to talk about this through email but I don't want to lose my chance at the current job opening as it's been up 4 days but a different posting used to be up for 20 days too, and it's seasonal so the other store might find someone soon. Ok if I email my GM about it? Or should I want till next week and hope I'm on a shift with him? (I should be)",0,0,0
2825,comment,jtfphnk,t1_jtfphnk,t3_159k65p,t3_159k65p,159k65p,It's absolutely OK.,0,0,0
402,submission,yw5weg,t3_yw5weg,,,,"E learnings at home?. I got hired and had a 4 hour shift of just doing e learnings. I wasnt able to finish and still have about 3 hours left, but my next shift isnt until a week later. My leader mentioned that I can do the e learnings at home if I want as long as I record my hours, but when I check the TLC there's no log to put in the hours for e learnings. Do I just clock in from home and do it? Or should I just wait until my shifts and expect them to pull me aside to finish them?

I have a friend who worked retail (@ Target) and he told me that they pulled him aside for 1 hour during his shifts just to work on the e learnings, and I was expecting the same for BestBuy. But when the leader mentioned doing it at home, I got confused as to whether they expect you to do it on your own or at work. I just don't want to clock in from home and then get in trouble for doing so. (I'm not even sure if you can clock in from home, I havent pressed the button cause I don't even know if it'll let me and I don't wanna screw up anything.)",0,0,0
403,comment,iwhu7jf,t1_iwhu7jf,t3_yw5weg,t3_yw5weg,yw5weg,So basically you just do them at home and then the next time you‚Äôre at work you can edit your time sheet and log the hours you spent working on them manually,0,0,0
404,comment,iwhuke8,t1_iwhuke8,t3_yw5weg,t1_iwhu7jf,yw5weg,How would I edit the time sheet? When I go into the TLC I don‚Äôt see anything like that. Sorry for the dumb questions,0,0,0
405,comment,iwhussk,t1_iwhussk,t3_yw5weg,t1_iwhuke8,yw5weg,"All good, ask away! In TLC there‚Äôs a button that says ‚Äúview my time sheet‚Äù and then from there you can add manual punches for ‚Äúclock on‚Äù and ‚Äúclock off‚Äù and just enter the time you started and the time you finished doing e learnings",0,0,0
406,comment,iwhuz02,t1_iwhuz02,t3_yw5weg,t1_iwhussk,yw5weg,Thank you so much!,0,0,0
407,comment,iwhv759,t1_iwhv759,t3_yw5weg,t1_iwhuz02,yw5weg,You‚Äôre welcome!,0,0,0
408,comment,iwjm5pw,t1_iwjm5pw,t3_yw5weg,t1_iwhuz02,yw5weg,Keep in mind they CAN check how long u were doing e-learning on that day and how many u get done. They can also see if u set on any idle to long or anything like that. So make sure u are actually doing them.  U can also call ur mgr and ask if u can come in for another short shift in next couple days to complete e-learnings. They will usually let u.,0,0,0
1232,submission,ourgi4,t3_ourgi4,,,,"Newly hired advisor (Tech fact sheet). Hi. I recently started working at Best Buy. I thought that I was applying for a standard customer service position but I was hired as an advisor. I don‚Äôt know much about technology but I want to learn as much as I can. I was wonder if anyone has a technology fact sheet. I don‚Äôt know much about how much ram is needed, what processors are the best etc. I want to learn the basics so that I can effectively assist customers.",0,0,0
1233,comment,h79asnr,t1_h79asnr,t3_ourgi4,t3_ourgi4,ourgi4,"Jump on learning network and go through the categories for the different departments. I know most of them have a 101-style course that covers the basics. I‚Äôd be surprised if the learning you do initially didn‚Äôt require these, so see what you‚Äôre assigned before doing this on your own time.",0,0,0
1586,submission,jsiasq,t3_jsiasq,,,,"Other pages ""rules"". Apparently the admins over the course of a week decided to start enforcing a no politics allowed rules without making a post about it. After getting a day banned for a political comment I asked when did that become a thing and how was it different then multiple other political type posts that have been on that page recently. The mods muted me. Interesting. Not on this account before you all go I don't see any comments on that page.",0,0,0
1587,comment,gc0mk8s,t1_gc0mk8s,t3_jsiasq,t3_jsiasq,jsiasq,??? There‚Äôs only one mod and from the look of this post you have some crap that‚Äôs easy to get tired of,1,0,0
1588,comment,gc0ti9n,t1_gc0ti9n,t3_jsiasq,t1_gc0mk8s,jsiasq,"Pretty sure op is talking about r/Bestbuy,",1,1,1
1589,comment,gc0xzdv,t1_gc0xzdv,t3_jsiasq,t1_gc0mk8s,jsiasq,Talking about the main best buy page,0,0,0
1590,comment,gc0y8jw,t1_gc0y8jw,t3_jsiasq,t1_gc0xzdv,jsiasq,Well then I‚Äôm just gonna shut up! Because that‚Äôs what I really need to do right now.,0,0,0
1417,submission,lhlpyv,t3_lhlpyv,,,,RUNFASTERRUNFASTERRUNFASTER. ,0,0,0
2111,submission,13evaou,t3_13evaou,,,,Leadership Evaluations. Does anyone know when the evaluations are going to be completed or when we will receive the results?,0,0,0
2112,comment,jjrrhsu,t1_jjrrhsu,t3_13evaou,t3_13evaou,13evaou,Already completed. Results before end of month,0,0,0
2113,comment,jjrt497,t1_jjrt497,t3_13evaou,t1_jjrrhsu,13evaou,Any idea what happens if they want a leader to go to a specific store and they say no?,0,0,0
2114,comment,jjrt8it,t1_jjrt8it,t3_13evaou,t1_jjrt497,13evaou,They can leave. No severance.,0,0,0
2115,comment,jjs2pxv,t1_jjs2pxv,t3_13evaou,t1_jjrt8it,13evaou,Sounds like they are doing to the rest of leadership that they did with the GMs,1,0,1
708,submission,vl7x5z,t3_vl7x5z,,,,Anyone else in the southern stores dying in this heat?. They really gotta let us control our own AC,0,0,1
709,comment,idtk18v,t1_idtk18v,t3_vl7x5z,t3_vl7x5z,vl7x5z,Yes! We put little Vornado fans everywhere!,0,0,0
710,comment,ii8cxbz,t1_ii8cxbz,t3_vl7x5z,t3_vl7x5z,vl7x5z,110 in south eastern WA right now and our AC is broke.,0,0,0
711,comment,ij0njz2,t1_ij0njz2,t3_vl7x5z,t3_vl7x5z,vl7x5z,Auto bay sucks my ass this time of year,0,0,0
4958,submission,1abac27,t3_1abac27,,,,"I love this sub!. Thanks for those who are serious and post!!! You other losers quit talking about shit you don't know anything about. If you don't know, just don't talk. That way we are all talking about real shit instead of corporate bullshit they try to feed us.",0,0,0
4959,comment,kjmnep3,t1_kjmnep3,t3_1abac27,t3_1abac27,1abac27,U ok bro?,0,0,0
4579,submission,18whr29,t3_18whr29,,,,"hours. haven‚Äôt been put on the schedule for two weeks now but still have credentials active.. not a seasonal but PT employee, is it because of hours are being cut?",0,0,0
4582,comment,kfxyd2q,t1_kfxyd2q,t3_18whr29,t3_18whr29,18whr29,"I‚Äôd think so. 

Even us in the field were told we are cut down to 32 hours for last week and this week.",1,0,0
4581,comment,kfybaz8,t1_kfybaz8,t3_18whr29,t3_18whr29,18whr29,"my precinct is about to get their hours cut here soon, we had a good labor method but we got caught ig and by march we are losing alot hours or maybe even losing heads",1,0,0
4580,comment,kfycrb1,t1_kfycrb1,t3_18whr29,t3_18whr29,18whr29,You‚Äôre being silently fired. Basically what that means is encouraging you to quit by not scheduling you so that way when you quit you can‚Äôt collect unemployment from Best Buy.  Apply for unemployment bc they cut hours without giving reason. They cut my friends hours because of memberships and apps excuse,0,1,1
4585,comment,kfyda2r,t1_kfyda2r,t3_18whr29,t1_kfycrb1,18whr29,hmm never thought of that - good thing it‚Äôs a part time second job,1,0,1
4587,comment,kg0hwip,t1_kg0hwip,t3_18whr29,t1_kfybaz8,18whr29,What was it? Message me I work in a precinct too lol,0,0,0
4583,comment,kg1im7w,t1_kg1im7w,t3_18whr29,t3_18whr29,18whr29,"it won't be long before word is out....they are slashing hours ALL over the place. and while they always do this with seasonal, it's now trickling over to PT as well

corporate obviously knows more than what they are letting on. my bet....they miss '23 Q4 revenues by a lot. Corie Barry is an accountant....a bean counter...so corporate actions will be bean counting related, such as slashing costs all over the place and testing the waters of literally how skeletal they can make the body before it turns into a carcass...the precursor behavior of every retail failure in history. she is destroying the company and undoing everything that  Hubert Joly did",1,0,1
4589,comment,kg1phpa,t1_kg1phpa,t3_18whr29,t1_kg0hwip,18whr29,Message me too.,0,0,0
4584,comment,kg2736f,t1_kg2736f,t3_18whr29,t3_18whr29,18whr29,"Let‚Äôs put it this way, don‚Äôt waste the detergent washing your polos. üòâ",0,0,0
4586,comment,kg31qsu,t1_kg31qsu,t3_18whr29,t1_kfycrb1,18whr29,Can this be done as a part time worker?,1,0,0
4588,comment,kg32gog,t1_kg32gog,t3_18whr29,t1_kg31qsu,18whr29,Yes,0,0,0
2436,submission,14fp7ld,t3_14fp7ld,,,,"Severance paperwork. Anyone know if the paperwork is delivered via USPS, UPS, FedEx? Carrier pigeon?",0,0,0
2437,comment,jp1gu9k,t1_jp1gu9k,t3_14fp7ld,t3_14fp7ld,14fp7ld,Post office,0,0,0
2438,comment,jp1m5cs,t1_jp1m5cs,t3_14fp7ld,t3_14fp7ld,14fp7ld,"Knowing the company, it will be delivered via Pony Express. 





But seriously it‚Äôs USPS.",0,0,0
2439,comment,jp1n3hb,t1_jp1n3hb,t3_14fp7ld,t3_14fp7ld,14fp7ld,Mine was FedEx,0,0,0
2440,comment,jp3ow79,t1_jp3ow79,t3_14fp7ld,t1_jp1n3hb,14fp7ld,How fast till you got it?,0,0,0
2441,comment,jp3pruj,t1_jp3pruj,t3_14fp7ld,t1_jp3ow79,14fp7ld,It took about 30 days from my severance date.,0,0,0
4027,submission,184op4l,t3_184op4l,,,,Blue polos with yellow. Did anyone else get new blue polos with yellow where the buttons are?,0,0,0
4029,comment,kawqi60,t1_kawqi60,t3_184op4l,t3_184op4l,184op4l,No haven't seen them yet,0,0,0
4030,comment,kawqtxd,t1_kawqtxd,t3_184op4l,t3_184op4l,184op4l,We call em mcdonalds shirts,0,0,0
4031,comment,kawt6xd,t1_kawt6xd,t3_184op4l,t3_184op4l,184op4l,"I seen others, well.. new hires have them but I already have 3 of the old shirts so, not me.",0,0,0
4028,comment,kawxcmj,t1_kawxcmj,t3_184op4l,t3_184op4l,184op4l,"I was told that they were for the seasonal staff. Not sure how true it is. I have my og shirts, newer blue shirts and plenty of black shirts because I'm a warehouse employee.

None of these new blue/yellow collar shirts. Don't need them or want them üòÇ. Not a sales floor employee.",0,0,0
4032,comment,kax77pt,t1_kax77pt,t3_184op4l,t3_184op4l,184op4l,They are the new uniform shirts that will replace current ones,0,0,0
4033,comment,kaxftmn,t1_kaxftmn,t3_184op4l,t1_kawxcmj,184op4l,"Nah, I see supes wearing them",0,0,0
4035,comment,kaxfx1m,t1_kaxfx1m,t3_184op4l,t1_kax77pt,184op4l,How is the fit/comfort compared to the blue ones?,0,0,0
4034,comment,kaxg3q8,t1_kaxg3q8,t3_184op4l,t1_kawqi60,184op4l,https://www.ebay.com/itm/176059567295,0,0,0
4036,comment,kaxikbu,t1_kaxikbu,t3_184op4l,t1_kaxftmn,184op4l,"Guess they're either desperate for new shirts and helped themselves or people being told incorrect info. I never saw this is job news, so I don't know. They just showed up when I was receiving and went off the words of one of the managers. Maybe they're wrong.",1,0,1
4733,submission,198k8di,t3_198k8di,,,,"Sales floor vs. geek squad agent. I am currently a sales floor associate, but what I really want is to be a geek squad agent. A position finally opened up in my area after watching for a while, and I‚Äôd like to ask some of you all who have worked in both how they compare to each other. Is one better than the other in terms of workload/stress? What are the pros and cons of working geek squad vs. sales floor?",0,0,0
4734,comment,ki7ux3l,t1_ki7ux3l,t3_198k8di,t3_198k8di,198k8di,"Workload is much higher, and stress will be high at first. It usually takes a good 3 months before you feel comfortable with every interaction. Instead of selling, you'll have to take appointments, take walkups, sending, receiving, func checks, and help the ARAs. On the sales floor, you see people when they are excited to buy something new. At Geek Squad, you see people when they have problems. If you are a problem solver and love challenges, Geek Squad is fun. If you make the choice to switch over, may I welcome you to our ranks.",1,0,0
4735,comment,ki7wz5v,t1_ki7wz5v,t3_198k8di,t3_198k8di,198k8di,Do it. Sales is a dead end,0,0,1
4737,comment,ki7xzs6,t1_ki7xzs6,t3_198k8di,t1_ki7ux3l,198k8di,I love technology and I love solving problems. I think it would be a good fit! Just having some last minute doubts,0,0,0
4738,comment,ki7y772,t1_ki7y772,t3_198k8di,t1_ki7wz5v,198k8di,It most definitely is you‚Äôre right. It‚Äôs just not enjoyable anymore. I applied thinking I‚Äôd be assigned a department but instead im made to somehow learn everything about every product in the store. My coworkers are great though!,1,1,1
4736,comment,ki7zp0c,t1_ki7zp0c,t3_198k8di,t3_198k8di,198k8di,"I think its hard to list all the pros and cons tbh since a lot of them can be shared. What I can say is GS has a bit of a harder time when it comes to interactions. People are coming in specifically because something doesn't work and they can't fix it. Unlike coming in and buying a new TV after 10+ years. For this reason there are more upset client's whether you're telling them their manufacturer warranty doesn't cover their 1000$ laptops broken screen, or telling your turn time is 5+ days (unsure of your precincts turn time just an example), or telling then it can take 1-3 weeks for service center repairs. I've had to tell people their cherished memories of loved ones that have passed away are gone because data recovery wasn't successful/possible. What I can say is GS for the most part was the most exciting and loved position I had at BB. There were some terrible times and experiences but the positive and fun outweighed it. I was a top performer as a sales associate (million dollar writer it was called at the time). I left sales and went into GS and spent 7 years as CA/Sr/ARA/GSM. I loved my time with GS and even in those really shitty moments, there were so much good/fun memories I had. I personally say go for it, no longer with the company but from what I have heard sales is a dead end and far more miserable. I've been out of BB for awhile now and unsure how it is now on the floor/Precinct. Maybe some current employees can share specifics around current conditions. Lol",0,1,1
4739,comment,ki83vsv,t1_ki83vsv,t3_198k8di,t1_ki7zp0c,198k8di,It‚Äôs a good thing interactions isn‚Äôt what I struggle with lol! I love fixing things and I have for a long time. Im just having some last minutes doubts and trying to gather some info before I go through with applying. I appreciate your input,0,0,0
4740,comment,ki846o6,t1_ki846o6,t3_198k8di,t1_ki83vsv,198k8di,"Well if you can handle those type of interactions as they come you'll do just fine. I personally loved helping people and GS allows you to do that at a more meaningful level I feel. Honestly, I would say go for it. Good luck!",0,0,0
911,submission,t4locz,t3_t4locz,,,,Employee discount.. It's cost +20%. I said it.,0,0,0
912,comment,hyz8of4,t1_hyz8of4,t3_t4locz,t3_t4locz,t4locz,You're not allowed to talk about it here and idgaf at this point.,0,0,0
914,comment,hz0dd2i,t1_hz0dd2i,t3_t4locz,t1_hyz8of4,t4locz,"The rules here in this sub don‚Äôt actually prohibit revealing employee prices. That being said, anyone relying on getting a real number should realize this is the internet and people lie.",0,0,0
916,comment,hz0dfie,t1_hz0dfie,t3_t4locz,t1_hz0dd2i,t4locz,I'm not lying.,0,0,0
918,comment,hz0gv0o,t1_hz0gv0o,t3_t4locz,t1_hz0dfie,t4locz,I didn‚Äôt say you were. I meant generally.,0,0,0
919,comment,hz0meo9,t1_hz0meo9,t3_t4locz,t1_hz0dfie,t4locz,"You are, that‚Äôs not the employee discount",0,0,0
920,comment,hz1bj55,t1_hz1bj55,t3_t4locz,t1_hz0meo9,t4locz,Yes it is. Piss off.,0,0,0
913,comment,hz28wnl,t1_hz28wnl,t3_t4locz,t3_t4locz,t4locz,It's not tho lmao,0,0,0
915,comment,hz2a9o0,t1_hz2a9o0,t3_t4locz,t1_hz28wnl,t4locz,"It is in victor, NY.",0,0,0
917,comment,i323t86,t1_i323t86,t3_t4locz,t1_hz2a9o0,t4locz,For real üò≥ you all are getting... Fucked,0,0,0
1270,submission,o8lx12,t3_o8lx12,,,,"Hi! Walmart associate here!. Hello! I am a Walmart associate and I was looking into applying at Best Buy. I have love for electronics and since I can‚Äôt get into the electronics section at my store I was kinda wanting to apply. So what are the pros and cons of working for Best Buy? 

Thanks in advance!",0,0,1
1272,comment,h36jger,t1_h36jger,t3_o8lx12,t3_o8lx12,o8lx12,"We get a solid discount on appliances and home theater products with accommodations throughout the year usually that can be even more lucrative. As a company though it‚Äôs hard to recommend them if you‚Äôre looking for someplace to stay long term. They recently laid off over 5,000 full time workers and don‚Äôt appear interested in offering anything beyond part time hours to anyone not in a supervisor role.",1,0,0
1271,comment,h39bw7e,t1_h39bw7e,t3_o8lx12,t3_o8lx12,o8lx12,"Pros:  
1: The discount is HELLA nice. Especially on store brand items. But even when a new game comes out, it's usually cheaper to buy it with your discount than a freshly-used copy from GS.  
2: You'll usually work with some pretty decent people. I worked in Computers and my team was one of the things keeping me there.  
3: Since they raised their starting wage to $15/hr, the pay is alright. I don't know if this is something they did everywhere, though.

Cons:  
1: Hours. If you're not full time, you'll be fighting for them.  
2: Pressure. Most of your job will be trying to sell extended warranties and the store credit card. In BB's defense, though, both their warranties and card are some of the better values in those categories.",1,1,1
277,submission,zxspyw,t3_zxspyw,,,,W-2. Anyone know how to reset password for ADP or workday account if you no longer work at bestbuy?,0,0,0
4534,submission,18wvtbt,t3_18wvtbt,,,,"Am I being silently fired??. I was gone on medical leave for about 3 weeks due to a back injury. I was told not to worry and that I‚Äôd be put back on the schedule as soon as I was able to come back to work. I contacted both of my managers a few days before Christmas letting them know that I was able to work again. I worked one day that I was already scheduled and since then, haven‚Äôt been scheduled at all. Not scheduled for the entire future month. I was also locked out of my best buy connect account and my managers have left me on read. Not sure how to proceed from here but I was kind of suspecting that I‚Äôm being quietly laid off? Also, I‚Äôm not a seasonal employee, I‚Äôm part time.",0,0,0
4537,comment,kg09boz,t1_kg09boz,t3_18wvtbt,t3_18wvtbt,18wvtbt,"Remember (and this does completely suck), but PT workers are not guaranteed any hours, and as shitty as labor is with stores right now, they may be using low hours as a reason to not schedule you. But it is a shit move for them to just leave you on ""read"" and not even answer you.",0,0,0
4539,comment,kg0h793,t1_kg0h793,t3_18wvtbt,t3_18wvtbt,18wvtbt,i haven‚Äôt been schedule since christmas eve,1,0,0
4543,comment,kg0hxos,t1_kg0hxos,t3_18wvtbt,t3_18wvtbt,18wvtbt,"Not a term


Best Buy and all retailers ‚Äúhours out‚Äù unwanted employees",1,0,0
4552,comment,kg0jv37,t1_kg0jv37,t3_18wvtbt,t1_kg0hxos,18wvtbt,Silent firing has become a term,0,0,0
4535,comment,kg0la90,t1_kg0la90,t3_18wvtbt,t3_18wvtbt,18wvtbt,You are probably locked out because you have to change your password. I just had to change mine yesterday.,0,0,0
4542,comment,kg0mcuw,t1_kg0mcuw,t3_18wvtbt,t3_18wvtbt,18wvtbt,Guess what? Season is over....,0,0,0
4536,comment,kg0plkh,t1_kg0plkh,t3_18wvtbt,t3_18wvtbt,18wvtbt,"Did you call HR and tell them you're clear to go back? When I'm on leave of absence, I'm locked out of most everything.",0,0,0
4551,comment,kg0ppvq,t1_kg0ppvq,t3_18wvtbt,t1_kg0mcuw,18wvtbt,OP said they‚Äôre part time not seasonal,1,0,0
4548,comment,kg0rn8q,t1_kg0rn8q,t3_18wvtbt,t1_kg09boz,18wvtbt,I was on medical leave for six weeks. I go back on the sixth and I'm only scheduled 26 hours for that week and I'm full-time.,0,0,0
4557,comment,kg0seij,t1_kg0seij,t3_18wvtbt,t1_kg0ppvq,18wvtbt,My bad I thought they said they were seasonal,0,0,0
4538,comment,kg0z7zr,t1_kg0z7zr,t3_18wvtbt,t3_18wvtbt,18wvtbt,Why not just call HR and ER‚Ä¶,1,0,0
4546,comment,kg0zv1a,t1_kg0zv1a,t3_18wvtbt,t1_kg0plkh,18wvtbt,"I'm on an leave of absence and I can access BBY connect, TLC and even learning network lmao",0,1,1
4544,comment,kg10h4x,t1_kg10h4x,t3_18wvtbt,t3_18wvtbt,18wvtbt,"Pt always gets cut hours this time of year, sometimes to 0 hours, but it should even out in a few weeks. Can you do something else in the meantime? Doordash maybe? They'd be in hot water to fire you after protected leave, so I doubt it. I don't think they'd touch that potential lawsuit unless your managers are particularly intellectually challenged.",0,0,0
4549,comment,kg114x1,t1_kg114x1,t3_18wvtbt,t1_kg0z7zr,18wvtbt,"Lol have you ever called them? They make you feel stupid for even calling and they defend the management and company viciously. They'll even magically lose your case information and notes. 

That whole 'zero retaliation' thing? That's not real either.  HR will gaslight you into saying the original event wasn't harassment/ abuse so they can circumvent calling it retaliation, and save the person's job. 

I went round with them more than once in my bb days. Had a really horrid couple of managers who needed to be held accountable and ended up learning that Best Buy coorporate just doesn't actually care at all. They'd rather you quit or be fired by the bad manager than deal with the manager. They'll just wear you down from that angle till you give up.",0,1,1
4556,comment,kg11gs9,t1_kg11gs9,t3_18wvtbt,t1_kg114x1,18wvtbt,"Yes I have. Projection much? Like seriously the only person to confirm if someone is terminated and the only person able to reset the password is HR. Don‚Äôt be an emotional idiot, it‚Äôs the literal answer to this persons problem üòÇ",0,0,0
4541,comment,kg16uyp,t1_kg16uyp,t3_18wvtbt,t3_18wvtbt,18wvtbt,"this is 100% unethical and illegal. Call HR and then reach out to a lawyer around retaliation firing after a work related injury. a few thing may happen

1- you will get back on the schedule and have to watch your back at all time 

2- Management will either get fired or ask to resigned from the current position/store

3- you have to sue and the company will settle out of court

4-you have to go to court 

5- you may just give up and walk away and have nothing to show along with no self-esteem to stand up for your rights


trust me I was injury and out work for almost a year and fought to get the surgery that was need with the company and then have fight to get my job back plus I ended up taking the company to court and won. took 2 years but worth it and YES I still work for the company and we have a better and trustworthy management team. 


since then I have be promoted 3 times and in leadership 
I got to war for the team that I manage daily and fought like hell to keep 2 seasonal employees this year",0,0,0
4547,comment,kg1dgku,t1_kg1dgku,t3_18wvtbt,t1_kg0plkh,18wvtbt,"When you're on LOA, they 100% have to lock you out. There's legalities around it since you either can't get paid during it or are on a fixed % income during it. OP needed to give 48 hours notice of return to HR to be brought back on.",0,0,0
4540,comment,kg1tgon,t1_kg1tgon,t3_18wvtbt,t3_18wvtbt,18wvtbt,"Here is how coming back from leave works. While on leave you are locked out of everything work related. This is to prevent you from working while on leave because its policy.

1. Your Dr. gives you paperwork clearing you to go back to work.
2. You call sedgwick and HR and give them the paperwork.
3. Sedgwick and HR take months putting you back in the system.
4. Finally you are active status in the system.
5. Then you get put on the schedule and you have to reset your password. You will probably have to call support because they will forget to give you access to something after you return.

What you probably did was

1. Told your boss to put you on the schedule, so they did.
2. You worked one day and they got in trouble because you weren't made active in the system yet.
3. You are still locked out because you are still on leave.
4. You boss is clueless and no one has advised that you need to contact HR and Sedgwick.

Call Sedgwick and HR and make sure you are active in the system. Then go from there.",0,0,0
4554,comment,kg27kol,t1_kg27kol,t3_18wvtbt,t1_kg1dgku,18wvtbt,Incorrect!,0,0,0
4550,comment,kg28rtb,t1_kg28rtb,t3_18wvtbt,t1_kg1tgon,18wvtbt,"He said he‚Äôs on medical leave not worker‚Äôs comp so Sedgwick has nothing to do with him. . Either way, they do not lock you out. If he‚Äôs on medical loa he needs to deal solely with hr during the first six weeks. Since he was only out 3 weeks hr is his go to solution. Chatting with them through connect/hr is easy. While on loan it‚Äôs always a good idea to keep your gm updated regularly regardless of whether or not they get hr updates (which they‚Äôre supposed to get).",0,0,0
4559,comment,kg2au87,t1_kg2au87,t3_18wvtbt,t1_kg27kol,18wvtbt,"From someone who went on both FMLA and Medical LOA over the last 2 years, I can tell you that I am correct. As an employee who cab work remote and has a company laptop, I was completely locked out of it for both LOA periods and could not access anything having to do with work except from my work cell phone.",0,0,0
4560,comment,kg2bntq,t1_kg2bntq,t3_18wvtbt,t1_kg2au87,18wvtbt,"Well as an employee who is CURRENTLY on LOA I can tell you, you are incorrect, unless it‚Äôs different for ‚Äúan employee who cab work remote‚Ä¶..‚Äù, whatever that means, is different.",1,0,1
4555,comment,kg2csdh,t1_kg2csdh,t3_18wvtbt,t1_kg0rn8q,18wvtbt,How much an hour,0,0,0
4561,comment,kg2egp4,t1_kg2egp4,t3_18wvtbt,t1_kg2au87,18wvtbt,I have been on two LOAs in the past two years and both times they said I would not have access to systems like email and they were wrong both times.,0,0,0
4562,comment,kg2f15x,t1_kg2f15x,t3_18wvtbt,t1_kg2bntq,18wvtbt,"They tell you in the call when you begin LOA that you need to call them 48hrs before you return to work. There are a few things you can access, but they turn off a lot of stuff. Perhaps it's different from state to state or in Canada. Either way OP should call HR.",0,0,0
4553,comment,kg2h84l,t1_kg2h84l,t3_18wvtbt,t1_kg0zv1a,18wvtbt,"Perhaps different states have different policies.  I was locked out of employee toolkit, I was locked out of email (even 24 hrs after I returned) I was unable to use my discount on BB.com, I was locked out of registers until they got it turned back on again 24 hrs after I returned. I only gave them 24 hour return notice because there was a holiday and they told me some things may not work upon return but would turn back on.",0,0,0
4563,comment,kg2igba,t1_kg2igba,t3_18wvtbt,t1_kg2f15x,18wvtbt,"I'm a Sr. Consultant, as it says in my flair lol. I don't work in a store most days, and have a company provided laptop. 

Maybe it has something to do with the type of LOA, like paid or unpaid, etc. But I was locked out of just about everything, couldn't even log into workday. I had to call to get my access restored because even the 48 hour notice apparently wasn't enough. It was a nightmare, and I couldn't access anything for almost a week after my return.",0,0,0
4564,comment,kg2k6fd,t1_kg2k6fd,t3_18wvtbt,t1_kg2igba,18wvtbt,"Me too. I called 24hrs before return because I forgot about a holiday and their hours. I was without ETK, Register access. I even had someone sign in to ETK to access my email but was blocked. They did tell me that it might not all be on and that it would turn on and it did about 24 hours later.",0,0,0
4545,comment,kg2zv54,t1_kg2zv54,t3_18wvtbt,t3_18wvtbt,18wvtbt,"It usually takes a while to get back on a schedule after being out for a while. Managers will usually write you in as needed but that schedule is made weeks in advance and they can‚Äôt just put you in anywhere, it must fit their hourly need and budget too.",0,0,0
4558,comment,kg3g4qb,t1_kg3g4qb,t3_18wvtbt,t1_kg2h84l,18wvtbt,"Yeah I was able to use my discount..I just bought a gaming chair today on .com for it. 

I popped in today to get it and I could login to everything lmao",0,0,0
2784,submission,157wono,t3_157wono,,,,"Membership Stealing or Tough Luck?. Scenario:  Verizon VPL helping out in Computers due to traffic. Spend the time with the customers to collect all the purchases, build the relationship, etc.  Customers then need to use the restroom, meantime you get a call of an issue in mobile (you are the ONLY person in mobile all day long).  You bring the customers items to the mobile area and just let the associate know that these items are for customers who needed to use the restroom. While the customers are in the restroom you help solve the problem in mobile. While doing that, the customers return and the other associate gets the items and rings out the customers, getting a Total in the process.

What‚Äôs the opinion on this situation?",0,0,0
2785,comment,jt751f6,t1_jt751f6,t3_157wono,t3_157wono,157wono,That is stealing. You put in the hard work. You should get the PM!,0,0,0
2786,comment,jt76y4d,t1_jt76y4d,t3_157wono,t3_157wono,157wono,Client and TT was stolen from you. I would have hid the product until client returned,0,0,0
2789,comment,jt77ipp,t1_jt77ipp,t3_157wono,t3_157wono,157wono,And in none of this is the customer a centerpiece,0,0,0
2792,comment,jt79ufl,t1_jt79ufl,t3_157wono,t1_jt76y4d,157wono,Thank you. I will definitely do that next time,0,0,0
2793,comment,jt79vhd,t1_jt79vhd,t3_157wono,t1_jt77ipp,157wono,Not at all.,0,0,0
2791,comment,jt79whf,t1_jt79whf,t3_157wono,t1_jt751f6,157wono,Thank you.,0,0,0
2795,comment,jt7by1v,t1_jt7by1v,t3_157wono,t1_jt79ufl,157wono,Yeah bro. It's a free for all. Can't get caught lacking,0,0,0
2796,comment,jt7c81y,t1_jt7c81y,t3_157wono,t1_jt7by1v,157wono,Never lacking. Always only one in mobile doing activations on all carriers (though I‚Äôm Verizon VPL) and assisting whenever and wherever needed.  If anything I overdo it,0,0,0
2790,comment,jt7fhw7,t1_jt7fhw7,t3_157wono,t3_157wono,157wono,I've never confirmed it but according to the trainings if you make a basket with the clients info in solution center you get the credit even if you don't ring it out.,0,0,0
2787,comment,jt7js6v,t1_jt7js6v,t3_157wono,t3_157wono,157wono,As long as the MyBbyTotal goes out management doesn‚Äôt care,1,1,1
2788,comment,jt7s5ao,t1_jt7s5ao,t3_157wono,t3_157wono,157wono,Your coworker shark'd you.,0,0,0
2794,comment,jt8m5a4,t1_jt8m5a4,t3_157wono,t1_jt7fhw7,157wono,Gotta ring the basket out. I‚Äôm sure the other associate just started a new transaction,1,0,0
2231,submission,13zsm2d,t3_13zsm2d,,,,Corie Berry's mole. Why does she not get rid of it like she did all the employees?,0,0,0
2232,comment,jmsxr1z,t1_jmsxr1z,t3_13zsm2d,t3_13zsm2d,13zsm2d,LMAOOO,0,0,0
2233,comment,jmt1qee,t1_jmt1qee,t3_13zsm2d,t3_13zsm2d,13zsm2d,"Ya know how they put a fake fly on urinals, so that the dudes have something to aim their stream at‚Ä¶?",0,0,0
2237,comment,jmt5jqq,t1_jmt5jqq,t3_13zsm2d,t1_jmt1qee,13zsm2d,Ew lol,0,0,0
2238,comment,jmt5qx8,t1_jmt5qx8,t3_13zsm2d,t1_jmt1qee,13zsm2d,as a woman‚Ä¶ wtf y‚Äôall got going on in there,0,0,0
2239,comment,jmt8o7i,t1_jmt8o7i,t3_13zsm2d,t1_jmt5qx8,13zsm2d,Without something to concentrate on it all goes on the floor :(,0,0,0
2234,comment,jmtjabi,t1_jmtjabi,t3_13zsm2d,t3_13zsm2d,13zsm2d,ü§£ü§£ü§£ü§£ü§£,0,0,0
2236,comment,jmtxbvw,t1_jmtxbvw,t3_13zsm2d,t1_jmt1qee,13zsm2d,So Karl Sanft had something to aim at ü§£,0,0,0
2235,comment,jmve1e4,t1_jmve1e4,t3_13zsm2d,t3_13zsm2d,13zsm2d,Anyone have her address to send her sku 5790315 to help?,0,0,0
439,submission,yo7rpy,t3_yo7rpy,,,,"Discount. How do I setup my employee online account with the employee discount, and is it a number or something or is it my Worker ID",0,0,0
440,comment,ivd5y8h,t1_ivd5y8h,t3_yo7rpy,t3_yo7rpy,yo7rpy,"It was on ETK but since they‚Äôre phasing that out I‚Äôm not sure now, it might be on workday",0,0,0
441,comment,ivdetik,t1_ivdetik,t3_yo7rpy,t1_ivd5y8h,yo7rpy,"Pretty sure it‚Äôs in Connect now (on the desktop site, not the app I don‚Äôt think).",0,0,0
411,submission,yuacvb,t3_yuacvb,,,,Looking to get a job. I‚Äôm looking to start working at Best Buy soon and was wondering if you guys had any advice/tips ETC. I‚Äôll be working in the southeast and have a decent amount of experience in retail,1,0,1
413,comment,iw8gy71,t1_iw8gy71,t3_yuacvb,t3_yuacvb,yuacvb,don‚Äôt work there,1,1,1
412,comment,iw8l4tv,t1_iw8l4tv,t3_yuacvb,t3_yuacvb,yuacvb,"The advice really depends on what you‚Äôre going for. Are you looking to work on the sales floor, in the warehouse or at Geek Squad? The only tip I‚Äôll add that‚Äôs generic is don‚Äôt waste too much time with this company: if you don‚Äôt advance within a few years it‚Äôs likely going to be more effective to get hired on someplace else and use your experience at Best Buy as a selling point to your next employer. The worst mistake you can make is to spend a decade in a line level position where your tenure is a bigger problem than for a new hire.",0,1,0
415,comment,iw8luzd,t1_iw8luzd,t3_yuacvb,t1_iw8l4tv,yuacvb,"I‚Äôm looking to do sales floor, ngl I‚Äôm just working there for a paycheck and don‚Äôt expect/plan to advance to a manager or anything",1,0,1
417,comment,iw8uzjq,t1_iw8uzjq,t3_yuacvb,t1_iw8luzd,yuacvb,"For sales be prepared to show an enthusiasm for technology, explain how you keep up with the newest tech (do you follow influencers like MKBHD, Linus, etc). Obviously if you have any personal experience doing PC building, home theater setups, etc I‚Äôd mention that too and try to work it into conversation. 

Be aware that they were/are still doing recorded video interviews and some of the questions can be tricky. Luckily you should be able to re-record your answer if you don‚Äôt feel like you did good with it. 

There are also ethical questions typically designed to trip up dishonest or otherwise unethical people. They tend to be presented as multiples choice questions, where there‚Äôs an answer that might be reasonable but only one actual ‚Äúcorrect‚Äù answer. 

At any rate, good luck. :) As long as you‚Äôre coming in with no expectations of advancement or long term stability you should be fine.",0,0,0
416,comment,iw9vtz5,t1_iw9vtz5,t3_yuacvb,t1_iw8gy71,yuacvb,"Don‚Äôt listen to this guy, I work there and the team environment is outstanding everyone stands around talking to each other and let‚Äôs the antisocial people ring up the customers. You‚Äôll enjoy Best Buy as long as you aren‚Äôt antisocial and you actually enjoy technology",0,0,1
418,comment,iwaae4v,t1_iwaae4v,t3_yuacvb,t1_iw9vtz5,yuacvb,bro thinks this is about being anti social üíÄ it‚Äôs about doing absolutely ridiculous shit for 15.50 an hour. unrealistic expectations and understaffed asf   also managers who hide in SDR and people like u who stand around and talk and do nothing. but everyone has different experiences so oh well,1,1,1
419,comment,iwamtj7,t1_iwamtj7,t3_yuacvb,t1_iwaae4v,yuacvb,You just got unlucky my stores nothing like that and and I start at $17 an hour,0,0,0
420,comment,iwan0q7,t1_iwan0q7,t3_yuacvb,t1_iwamtj7,yuacvb,gah damn is that ur minimum wage ?,0,0,0
421,comment,iwayb1p,t1_iwayb1p,t3_yuacvb,t1_iwan0q7,yuacvb,"Im a Highschool student, $17 is good",0,0,0
414,comment,ixc1k2t,t1_ixc1k2t,t3_yuacvb,t3_yuacvb,yuacvb,"Go for a DDC warehouse job.....working in store sucks right now. If in store, do warehouse in store.",0,0,0
422,comment,ixc1qi6,t1_ixc1qi6,t3_yuacvb,t1_iwayb1p,yuacvb,"And ur about to hit pay cap and then boom....won't go up unless u become managers, and those positions are becoming tighter and tighter by the months. Unless u go to DDC and then ur pay will boom up again.",0,1,0
2720,submission,153ukht,t3_153ukht,,,,"Restructuring to Micromarket. The micromarket Company restructure was piloted for about 2 years in NY and essentially became the company  gold standard... The idea is simply put as so - the micromarket would work like one big store (how SWAS was before) however resources are deployable from the Hub store (hence why Hub stores have the most headcount and generally the best of the best)... If a micromarket has 3 stores, picture those 3 stores as 1 big store - that's the idea behind the cuts and deployable labor from the hub store - in so many words, it's like a ""loyalty 1"" but to another store vs another department... From this perspective, you don't need 3 GSMs but 1 Services experience manager (the best GSM supposedly) to run this ""big store"" or MM and the other 2 GSMs would get cut... Evaluations were made based on personal ranking submitted to GM, GM rankings of leaders submitted to MM director (also the hub store GM but not really - they are like a DM of their MM but do have the Hub store as their home location) and then ""in partnership"" with AVP (Marketplace manager, more to come) and HR and 3rd party company (DEI/ESG) - decisions were made on who would stay and who would leave... How those decisions were made were never explained to the individuals getting severance so that was essentially a mystery except to the parties involved in the decision making... Many stores were left in complete shock at who was retained and how the leaders were let go (basically, the leaders were scheduled to work and during their shift, they were given the scripted speech with their severance information, hopes of roles popping open soon in JOS, and being walk out the building without telling anyone what just happened and not being able to say bye to their teams). The main concern with the scheduled sit down severance speeches were to ensure that ""GMs got the store keys back to prevent having to rekey the buildings"" - as far as how the leader felt or having an opportunity to speak to anyone, that was placed at 0% priority or concern.

The Micromarket restructuring started about a year ago and I may have missed a few areas however, in general, this is pretty accurate. 

Corporate: many mergers and cuts occurred there as well, I don't have too many details as that was outside of my wheelhouse however, it was very impactful when I was informed.

Territory, Market, District: essentially all of those leaders and their staff were absorbed into a ""Marketplace"". A marketplace is like 3-4 districts from a legacy perspective (which was like 2 markets to go a little further) and managed by an AVP (assistant Vice President)... So obviously, there were a lot of cuts from the territory, market and district levels (many of those leaders saw the writing on the wall and left beforehand)... Many went the corporate route or multichannel/unit route or home services route (as remote work was and still is overemphasized and overresourced however, still pretty safe in comparison to employees inside 4 walls) and then the rest were simply laid off... Many hundreds of years of tenure gone down the drain.

Field Agents: Essentially cut in half, this happened like a week ago around independence day.

Precinct: GSMs cut (there is one Services Experience manager per micromarket now in store and some stores have a services supervisor but not all). 

Sales: all ASMs cut in half (with the exception of one Hub store per micromarket which may have 2-3 ASM - experience managers as they are called now, will be responsible and accountable for both Sales and Ops and will have a few weeks to learn the ropes). All SSMs cut whether appliances, connected, mobile, etc - they generally got absorbed into the Sup staffing headcount... Sups cut down to 2 or 3 maximum per store with 1 possibly being services supervisor for GSP (again, not every store had this Staffing Headcount - some stores got rid of GSM and the Senior is running the show in partnership with MM services experience manager). From sales, it's safe to say that at least 50% of the leaders were laid off (if you go from the furlough days of pandemic - you can say that 50% advisors have been cut since then as well although, this was not part of the micromarket op model) and what was replaced was a bucket of 40 hours per week per store of labor in leadership bucket for shift leads... If a store has 6 shift leads for example, each will get ""up to"" 7 hours of Shift lead pay per week - some more than others depending on how many managerial tasks/duties they are assigned... Shift leads are essentially supposed to be your ""cream of the crop"" talent (although many stores were amateurishly handing out the position like candy on Halloween - how we used to do with backup VPLs in the past - and now are battling an uphill battle with the selections they made)... The way it should work is that SL get scheduled that labor ""activity"" (as it is not a Job Code per se but more of a skillset you schedule like you would a ""monthly training"" or ""new hire"") after being certified via elearnings and leadership approval in Learning Network... Those SLs should have been the best hourly line level employees and essentially were runner-up for Sup roles or what have you... The problem that is occurring in store now is that, there is a nudge coming from leadership that basically states the following ""a SL performs managerial duties when scheduled; a good SL performs managerial duties when needed; a great SL performs managerial duties at all times"" - the conflict arises when these SLs forget that they still have to contribute to store Performance and Look and Feel causing a ""power trip"" effect and fellow advisors getting upset at their high horse syndrome... Some more intelligent veteran SLs say, ""I will only perform key calls, overrides, MOD resolutions, etc while I'm being paid as SL"" because they are aware that there would be no promotional opportunity any time soon... This will by far be the greatest hurdle for the company as many of these veteran advisors working as SLs are not ""drinking the juice"" and feel that the company cut a plethora of leaders yet the job still remains to complete - end result, the SL must perform and/or verify the task completion for lesser pay than previous Sups and without the name tag title to go along with... Obviously, this causes conflicts among advisors who are not SLs as jealousy or envy or even misunderstanding of the SL role causes internal discomfort and conflicts.

Product flow: essentially now a team which are led by shift leads (on a daily basis however, the EM for each store in partnership with GM and MM director could make a Sup in charge of Ops but not company directive). The traditional daily tasks, Merch, plano, Swat, Truck, etc are all merged into a bucket of labor now - there isn't a direct leader in the warehouse per se simply some SLs unless a MM decides to use a Sup for Ops (highly unlikely yet, some do have a process or Specialty Coach that may be utilized for ""setting direction"" in the MM)... As in the sales floor dilemmas, PF probably has much more as things like Truck night are being led by an able bodied advisor yet, they may back off the actual physical labor and ""manage"" the truck team the whole night... The ""too many chiefs, not enough Indians"" conflict arises (just as it does on the Sales floor) and many of the SLs have slim to no experience in actual people leading to diffuse the conflicts and create reasonable solutions... Again, the greatest issue will be getting the SL program under control as many may confuse the job activity with the job title and feel empowered to believe they are no longer required to roll their sleeves up and work.

Outcome - apparently, NY micromarket stated that it took quite some time to get it figured out but that they love it now... I can say this was said to me by a few GMs when I was doing training with them (they kept winning on many of the scorecards at the time and it sparked my curiosity)... Turnover is expected of course and as cold as that may seem, it's actually calculated and even taken into account with salary compensation for those employees moving forward.

Many are not in favor and feel that these changes and restructurings are occurring so quickly that uncertainty and employee morale are at an all time low... These changes including the changes that occurred with Total Tech (TTS, TT, MBBYTotal, etc) are all signs of amateur leadership from the top or signs of potential financial distress - definitely not well organized or thorough... That would probably be the most accurate assumption today and most employees would leave the company given the opportunity to as they feel the company no longer has its original core values and employee experience at heart... Some feel empowered and some have enthusiasm as they feel that many of the tenured leaders leaving will open up doors for their careers... Who's right? Only time will tell.",1,1,1
2721,comment,jsld7vt,t1_jsld7vt,t3_153ukht,t3_153ukht,153ukht,"I appreciate this, it provides insight on the model the company ran with. Thank you for your time and information.",0,0,1
2152,submission,13kxky3,t3_13kxky3,,,,Can you guys help. ,0,0,0
162,submission,10usgg4,t3_10usgg4,,,,Total tech. Hello I have an issue with my total tech. It was set to renew and did but somehow it was cancelled from Bestbuy side and cancelled all my warranties on the products I bought in the past. If I buy now they say it will not cover previous items which were covered and would apply to future products only. I went to the store they referred me to their phone number. Their phone number and chat keep deferring me to other departments here and there and 3hrs + I have NOT gotten anywhere! Anyone have any advice?,0,0,0
164,comment,j7dsa6j,t1_j7dsa6j,t3_10usgg4,t3_10usgg4,10usgg4,There's nothing you can do. You can't re add warranties after they've been cancelled. The help line and in store staff will keep you running in circles just to pass you off. This is why Total tech is a joke. So any 3 or 5 year plans you had are meaningless now and void.,0,0,1
168,comment,j7dyp7q,t1_j7dyp7q,t3_10usgg4,t1_j7dsa6j,10usgg4,Thanks for replying! Everything was purchased within last year! Still nothing can be done?,0,0,0
165,comment,j7ewze9,t1_j7ewze9,t3_10usgg4,t3_10usgg4,10usgg4,"We don't cancel things automatically what sense is that? Your card probably expired. If it was recently call 1888bestbuy and update it, it might fix it.",0,0,0
163,comment,j7eyzzt,t1_j7eyzzt,t3_10usgg4,t3_10usgg4,10usgg4,Go in the store when people are actually working inconsiderate human,1,0,0
166,comment,j7gshbd,t1_j7gshbd,t3_10usgg4,t3_10usgg4,10usgg4,Come in store and make someone's day by telling them you want to renew and add that all of your stuff is no longer protected. A manager will have no problem re-adding all protection plans on your items upon re upgrading!!!,0,0,0
169,comment,j7ilhc5,t1_j7ilhc5,t3_10usgg4,t1_j7gshbd,10usgg4,Are you being sarcastic or serious? I went in and the manager said he can sell me another membership but my previous items would not be added. Should I try another Best Buy?,0,0,0
172,comment,j7j1kn4,t1_j7j1kn4,t3_10usgg4,t1_j7ilhc5,10usgg4,I was being serious. Mind you we are not supposed to be doing that but it is manager discression. DM me,1,0,0
173,comment,j7j65dp,t1_j7j65dp,t3_10usgg4,t1_j7j1kn4,10usgg4,Thanks!,0,0,0
167,comment,j7kzvcc,t1_j7kzvcc,t3_10usgg4,t3_10usgg4,10usgg4,"The total tech membership is only cancelled two ways. If you call and cancel or if your card on file is expired, or failed authorization. In both of those cases you will receive an email stating so. It usually stays in failed authorization for 30 days after those 30 days it goes into lapsed status. When it has lapsed there is nothing more that can be done. A new membership can be purchased but the protection plans can not be activated again. You as the customer have to keep up with your cards. If you get a new one or your bank blocks the charge. You are responsible not BestBuy.",0,0,0
170,comment,j7mdknf,t1_j7mdknf,t3_10usgg4,t1_j7kzvcc,10usgg4,Unfortunately what happened was I called to return a rower and the rep on the phone cancelled the TT membership instead. I noticed immediately and have been calling and going to stores but no one is restoring. ü§¨,0,0,0
171,comment,j99zqfu,t1_j99zqfu,t3_10usgg4,t1_j7kzvcc,10usgg4,Awesome answer and absolutely correct!!!,0,0,0
5171,submission,1ap3bt3,t3_1ap3bt3,,,,"Internal application. Hello fellow colleagues, do you still have to go through the video portion of the interview if you‚Äôre applying internally?

Edit: To give context I‚Äôm currently in warehouse and applied for a for a geek squad position. I received an email that I wasn‚Äôt consider due to not completing the video interview. I was under the impression that‚Äôs only for folks who are applying externally, but I could be wrong.

Thank you.
",0,0,0
5172,comment,kq3j7vt,t1_kq3j7vt,t3_1ap3bt3,t3_1ap3bt3,1ap3bt3,From my experience no. Went from CA to ARA and to senior with no video interview. But still did have to do in person interview of course.,0,0,0
5173,comment,kq3jjv3,t1_kq3jjv3,t3_1ap3bt3,t3_1ap3bt3,1ap3bt3,It depends on what you're applying for and what the hiring team wants realistically,0,0,0
2513,submission,14kfqfw,t3_14kfqfw,,,,Look at these hourly rates!. ,0,0,0
2516,comment,jpqdcmg,t1_jpqdcmg,t3_14kfqfw,t3_14kfqfw,14kfqfw,"I'm more impressed that their PTO rolls over and their 401(k) match is higher. The extra $2/hr is more than BBY offers to overnight workers I believe as well. Also, weekly paychecks are nice. Really wish that was a federal requirement as there's very few reasons not to pay every week.",0,0,0
2514,comment,jpqkl1e,t1_jpqkl1e,t3_14kfqfw,t3_14kfqfw,14kfqfw,The location I go to is always organized and very clean! Bathroom is always spotless. The CEO has high expectations but values his employees. Corie Barry needs to take notes,0,0,0
2515,comment,jpqp5aa,t1_jpqp5aa,t3_14kfqfw,t3_14kfqfw,14kfqfw,"So this has been discussed before, while they do pay well, I've been told it's a very miserable job.  You can't be caught on your phone at all or you're fired, you aren't allowed any breaks outside of your lunch, there was a couple other things people said made them miserable about it.",0,0,0
423,submission,yoa9td,t3_yoa9td,,,,"Can I get fired for talking about pay?. 
I told a coworker several weeks ago that I was going to ask for a raise.
I told them that I had an idea in mind of what I was going to ask for well I got the raise plus more
I told the coworker today that I got the raise they asked how much and I said it's more than what I asked for and she said that she'd be talking to management about it.
Am I in the wrong?",0,0,0
424,comment,ivd83be,t1_ivd83be,t3_yoa9td,t3_yoa9td,yoa9td,Nope. Your allowed to talk to anyone about pay. Management can get pissy about if they want but can't do anything.,0,0,0
429,comment,ivd8e9y,t1_ivd8e9y,t3_yoa9td,t1_ivd83be,yoa9td,"Ok,it‚Äôs just concerning because I apparently make more than them  and they‚Äôre so pissed when I‚Äôve been there less time.",0,0,0
432,comment,ivd8kly,t1_ivd8kly,t3_yoa9td,t1_ivd8e9y,yoa9td,That would be why management will say not to talk about it. But that employee now has every reason to go talk to them. Of course there can be factors like experience where a newer employee can make more than another. But i get that employee being mad they make less now,0,0,0
436,comment,ivd8rxc,t1_ivd8rxc,t3_yoa9td,t1_ivd8kly,yoa9td,And part of the reason I‚Äôm sure I make more is because I‚Äôm on the sales floor/warehouse/customer service and all she does is customer service and refuses to do anything else,1,0,0
437,comment,ivd8vos,t1_ivd8vos,t3_yoa9td,t1_ivd8rxc,yoa9td,Could be a factor. All are same pay grade. Which is only about w dollar difference between starting and cap.,0,0,0
438,comment,ivd928e,t1_ivd928e,t3_yoa9td,t1_ivd8vos,yoa9td,I still make a good bit under cap so I don‚Äôt know why it‚Äôs such a big deal to them,1,0,1
430,comment,ivdauje,t1_ivdauje,t3_yoa9td,t1_ivd83be,yoa9td,"In the store I worked all management did was stand by the front door and browbeat sales to push total tech, branded payments and credit programs. They would have to deal with an occasional pissed off customer, a good floor sales person is far more valuable and deserves more money.",1,1,1
427,comment,ivdecyy,t1_ivdecyy,t3_yoa9td,t3_yoa9td,yoa9td,"You‚Äôre allowed to talk about pay, it‚Äôs a protected concerted activity as defined in the National Labor Relations Act (even for places that aren‚Äôt unionized). When your coworker said she‚Äôd be talking to management about it, did she say it in a negative way? Like, did she maybe mean she was gonna ask for her own raise? It‚Äôs shitty if she‚Äôs trying to make it a negative thing, but you‚Äôve done nothing wrong.",0,0,0
431,comment,ivdgm1u,t1_ivdgm1u,t3_yoa9td,t1_ivdecyy,yoa9td,She said it like she was trying to get rid of me,0,0,0
435,comment,ivdkbej,t1_ivdkbej,t3_yoa9td,t1_ivdgm1u,yoa9td,Well that won‚Äôt work out for her the way she‚Äôs thinking and it‚Äôs really shortsighted when she should just go for a raise herself. I hate coworkers who treat their peers like enemies. But at least you know not to talk about pay (and tread carefully on other topics) with that specific coworker. Or at least only let them tell you what they earn but don‚Äôt reciprocate.,0,0,0
426,comment,ive3wex,t1_ive3wex,t3_yoa9td,t3_yoa9td,yoa9td,Yes.  But you shouldn‚Äôt,0,0,0
433,comment,iveqxir,t1_iveqxir,t3_yoa9td,t1_ivd8e9y,yoa9td,"It's a taboo thing to do that people need to get over. I'm a truck driver for a small fleet, we have a warehouse and warehouse workers. I make $30/hr plus im guaranteed 40 hours paid every week regardless if I work a single day that week or not, that is the complete opposite for those warehouse workers and I would never speak about my pay to them unless they asked and wanted to know how to get their CDL. Generally speaking, in the type of setting your in, it's best not to talk about it and just enjoy it, they might be your co-workers but they can very easily be your biggest adversaries or something has a petty as pay. You'll probably hear about it from management though ü§£",0,0,0
434,comment,ivhluf2,t1_ivhluf2,t3_yoa9td,t1_ivd8e9y,yoa9td,"People are right, that no they can't fire you for talking about pay, you most likely live in an At-Will state, and they can fire you for any reason that isn't protected. These companies are usually smart enough to have so many policies and procedures that everyone is breaking some minor rule on any given day. So they can just say they fired you for reason X, even though it was probably because you were talking about pay.",0,0,0
425,comment,ivrmg0h,t1_ivrmg0h,t3_yoa9td,t3_yoa9td,yoa9td,"It's against the law to prevent you from talking about pay. The very fact that you feel awkward about doing this is a prime reason WHY there's a law that protects doing so. Like others have said, you do have to be careful about whom you share pay information with and large companies have enough impossible-to-follow regulations that terminating you for talking about pay can be legally excused as something else, but until the culture of silence changes and workers organize and stand up for themselves, it will only get worse and cold-blooded executives like Corie Barry will reap huge personal fortunes while grinding both employees and the company itself into nothing.   


It sounds like your ""friend"" is a lazy person who demands special treatment already and your management most likely sees her work assignment as fitting compensation for her job performance, no matter how much longer she's been there than you. She can't do anything to you officially, but you may want to distance yourself from her as she may allow her frustration to motivate her to file false things about you, and if I read you correctly, she's already threatening you for making more. Use this interaction as a personal growth opportunity for you. Especially when you haven't done anything wrong, there are some people who aren't happy unless everyone else is miserable.",0,0,0
428,comment,iygud8o,t1_iygud8o,t3_yoa9td,t3_yoa9td,yoa9td,"If you are told to not talk about pay at a job, turn around. It's illegal. It's not your fault you aren't paid even wages, it's the employers. They sign the checks, and for them to say ""don't talk a about pay"" is covering themselves from the whole store walking out because they get paid less than a new hire.(I was a whole dollar paid more than a veteran employee at Best Buy for almost a year. I was upset that management did that for two guys in the same job.",0,1,1
1425,submission,lg5of6,t3_lg5of6,,,,Bruh where did this man come from!. ,0,0,0
3755,submission,17cwpja,t3_17cwpja,,,,"Seasonal employee discount?. When do seasonal employees' discounts kick in? I've asked around my store with some saying they don't know, others saying roughly a week or two, and a few saying it should be working for me by now. Asking because I'm trying to hold off on buying some cables/batteries that I need.  


  
Hope I don't sound too much like a broken record, however I haven't been able to find an accurate answer, thanks in advance!",0,0,0
3756,comment,k5te6ka,t1_k5te6ka,t3_17cwpja,t3_17cwpja,17cwpja,It‚Äôs usually a month (30 days),0,0,0
3757,comment,k5thupq,t1_k5thupq,t3_17cwpja,t3_17cwpja,17cwpja,30 days or Nov 1 everyone who works at bestbuy during nov and December gets the discount without a waiting period,0,0,0
3758,comment,k5tu217,t1_k5tu217,t3_17cwpja,t3_17cwpja,17cwpja,"""Employee Discount is 5% over cost. You also get a discount on services Best Buy sells. If the markup is less than 5%, you pay the retail price. You'll always pay the lowest price available. 

**The discount kicks in after 30 days of employment. Between November 20th and December 31st, however, everyone can make purchases despite their respective hire date.**

Discount is for personal use only, and you cannot disclose your employee purchase price since it is confidential information. Eligible users include you, a spouse/domestic partner, and dependents under the age of 23. Eligible family members can come with and pick-out an item for themselves, but you need to buy it. All non-cash payments must be made in your name. They can't use your Employee number & ID to purchase a product on their own.

To check the discount on an item, copy the SKU and navigate to the Personal tab on ETK. Paste the SKU on the Employee Price Check section. You can learn more about the Employee Discount Policy on 'My HR'.""",0,0,0
3759,comment,k5twv07,t1_k5twv07,t3_17cwpja,t1_k5tu217,17cwpja,Not too long ago my father wanted a fridge & was able to get a rep on the website to add my employee number to it & used his own bby card not too sure on how it happened but it did. But regardless I‚Äôm not too worried because that rep was not supposed to do that.,0,0,0
3776,comment,k5vsgrb,t1_k5vsgrb,t3_17cwpja,t1_k5tu217,17cwpja,"ETK has been decommissioned. You need to use the Employee Pricing widget in Best Buy Connect, Connect App or Workstation",0,0,0
3780,comment,k5wamzu,t1_k5wamzu,t3_17cwpja,t1_k5vsgrb,17cwpja,I'm just quoting an e-learning I did the other day.,0,0,0
3781,comment,k5waqir,t1_k5waqir,t3_17cwpja,t1_k5wamzu,17cwpja,Oh wow better tell someone to update that ü§™,0,0,0
3777,comment,k5xkyr7,t1_k5xkyr7,t3_17cwpja,t1_k5tu217,17cwpja,Except services discounts are pretty much non existent,0,0,0
3775,comment,k5xlmz8,t1_k5xlmz8,t3_17cwpja,t3_17cwpja,17cwpja,One of our seasonals used his discount on 10/20 and he was onboarded on 10/5. Another new part-timer was onboarded on 9/19 and he tried to use his also on 10/20 and no cigar. Shits weird.,0,0,0
3779,comment,k5xrqoq,t1_k5xrqoq,t3_17cwpja,t1_k5xlmz8,17cwpja,"Interesting, I keep seeing 30 days as well as odd cases like this that made me feel the need to post. Thanks!",0,0,0
3778,comment,k5xrsct,t1_k5xrsct,t3_17cwpja,t1_k5thupq,17cwpja,Thank you!,0,0,0
1429,submission,ldg74q,t3_ldg74q,,,,New subreddit!!. Hey guys! I‚Äôm sure you all are tired of the old r/bestbuy because of their rude mods so we made a new one! It is r/BestBuyHR and is going to be the new Best Buy subreddit! Please join us!,0,0,0
1430,comment,gm615cr,t1_gm615cr,t3_ldg74q,t3_ldg74q,ldg74q,Great!  Give me the inside dope on how to get a dang raise,0,0,0
1431,comment,gm7a148,t1_gm7a148,t3_ldg74q,t3_ldg74q,ldg74q,You can never have too many Best Buy subs ;),1,0,1
1432,comment,gmnxr5p,t1_gmnxr5p,t3_ldg74q,t3_ldg74q,ldg74q,"The mods on r/BestBuyHR have been waaaay ruder than anything I have gotten from the r/BestBuy sub.  They claim the new sub is for ""uncensored talk"", but fuck me when I share my thoughts they got aggressive and threatened to start removing posts if I kept it up.  They may not have bots to auto ban/delete stuff, but they 100% will censor if they don't like you.  I even suggested that they list forboden subjects/thoughts in the sub's description/rules.  They haven't, but are still willing to attack me for pointing that out.",0,0,0
1434,comment,gmpeddg,t1_gmpeddg,t3_ldg74q,t1_gmnxr5p,ldg74q,"We have a list of clear rules at the top of the page that was posted before you started ranting and raving about a topic you clearly do not know enough about. You don‚Äôt understand that talking about that subject will not only get yourself fired, it will get your whole damn store fired. You need to think about the consequences of your online voice before you cause serious and irreversible damage.",0,0,0
1435,comment,gmpeyy6,t1_gmpeyy6,t3_ldg74q,t1_gmnxr5p,ldg74q,Also for everyone confused on what he is talking about he came onto our subreddit talking only about how badly he wants to unionize his store. I‚Äôm sure everyone in this sub knows what happens to stores that start that talk.,0,0,1
1433,comment,gmpgmjl,t1_gmpgmjl,t3_ldg74q,t1_gmnxr5p,ldg74q,"A dose of reality about the consequences of what unionizing will do to yourself, your peers, and all employees of this company is not attacking you. Vent your frustrations about what you deal with each day or how your leadership treats you, but don't be misguided to think a union is the solution. Just so you know a set of guidelines (made two days ago) was attached to our subreddit at your request. We appreciated your suggestion to continue our transparency with our followers. We want everyone to feel welcome. However, if this subreddit is not for you we respect your decision if you decide to unfollow",0,0,0
1436,comment,gmw9k20,t1_gmw9k20,t3_ldg74q,t1_gmpgmjl,ldg74q,"Nice to see that you added it to guidelines!  The consequences of not having representation seems to be failing our peers that are being let go atm.  It also fails in that they just blame all failings on us, no matter that their decisions are what causes them.  This boot licking of just bending over and taking it that you advise isn't the way that things get better.  Using fear to keep people in line is toxic, demeaning, and unethical.  I refuse to let them keep doing myself and my co-workers so dirty.  All they have to do is ""be human"" and stop abusing us all.  It really isn't hard to just keep in mind that we are people that deserve respect.  They have done shockingly positive things for us workers even just 5 years ago.  So I know it can be done.  What they are doing now is causing burn outs and isn't sustainable given the ways they are cutting staff and effectively making full-timers the same as part-timers with regard to hours.  The way they are going is a great way to make quick money for the top, but will drop hard in the future.  When we are fired because of this, then I fail to see what is worth not doing something.  We will maybe get some small severances, while they will get multi-million dollar ones.  I am guessing that they are trying to somehow be acquired by Amazon with the drastic changes.  If we are being picked off, then we should be coming together and push back.  Believe it or not, I do like the company and want all of us to share in successes that can be had.  Harsh critiques are not always from hate, but many times are because you care and want to make things better.  So I know you care too.",1,1,1
1193,submission,pl1q4b,t3_pl1q4b,,,,r/bestbuy is controlled by corporate employees. anyone else think that?,0,0,1
1196,comment,hc7ad5o,t1_hc7ad5o,t3_pl1q4b,t3_pl1q4b,pl1q4b,well obviously... any corporate controls the company they run thats why its there,0,0,0
1194,comment,hc86d9o,t1_hc86d9o,t3_pl1q4b,t3_pl1q4b,pl1q4b,I know one of the mods is a former employee and has major anger issues,0,0,1
1195,comment,hca8u4k,t1_hca8u4k,t3_pl1q4b,t3_pl1q4b,pl1q4b,"That‚Äôs why this sub was created. A couple of years ago during a large restructure the mods of r/Bestbuy shut it down cutting off employees from discussing what was happening. Is this sub as popular? No, but it isn‚Äôt going to be restricted like theirs was.",0,0,0
